trait,openpsych_n,twin_n,openpsych_mean,twin_mean,twin_minus_openpsych_mean,openpsych_sd,twin_sd,std_mean_diff_twin_vs_openpsych,openpsych_q10,openpsych_q50,openpsych_q90,twin_q10,twin_q50,twin_q90,js_divergence_binned,benchmark40_implied_mean
big_five_extraversion,529695,2058,49.62454336929743,46.83537900874659,-2.789164360550835,23.178346393339808,23.354962935242455,-0.12033135535370039,17.5,50.0,80.0,15.62,46.88,78.12,0.1865734687265272,50.93109176308856
big_five_neuroticism,525162,2058,50.9617270480347,42.86634596695815,-8.095381081076553,21.696293257752874,25.0609703923484,-0.37287974033599053,22.499999999999996,50.0,80.0,9.38,40.62,78.12,0.21318414059946442,47.447087295222815
big_five_agreeableness,526725,2058,70.79059756039679,72.55012147716242,1.7595239167656302,18.269784282820464,17.1992943444018,0.09632918063781429,44.99999999999999,72.5,92.5,50.0,75.0,94.44,0.1408863771690207,72.8871741158372
big_five_conscientiousness,525171,2058,60.3548653676612,73.37198736637534,13.017121998714138,18.64807524320092,18.941895448839997,0.6979978039859164,35.0,60.0,85.00000000000001,47.22,75.0,97.22,0.2062543412984866,60.230676071551315
big_five_openness,525983,2058,72.55621379398194,68.75364431486881,-3.8025694791131315,15.7403384149319,17.37222395456841,-0.2414786166422716,52.5,72.5,92.5,47.5,70.0,90.0,0.11642943028157407,73.78028697445298
