{
  "analysis": "Step2 Shared-Space (Delexicalized)",
  "tag": "COMMUNICATION",
  "k_with": 7,
  "k_without": 6,
  "n_with": 1870,
  "n_without": 1821,
  "alignment_map": {
    "0": 2,
    "1": 4,
    "2": 1,
    "3": 0,
    "4": 5,
    "6": 3
  },
  "alignment_score": 0.36024751558601537,
  "quality_metrics_with": {
    "silhouette_score": 0.4007272720336914,
    "calinski_harabasz_score": 2150.386474609375,
    "davies_bouldin_score": 0.7926840550164352
  },
  "quality_metrics_without": {
    "silhouette_score": 0.41362035274505615,
    "calinski_harabasz_score": 2232.404052734375,
    "davies_bouldin_score": 0.7536895716264116
  }
}