model,folds_ok,fit_eval_seconds_mean,pred_true_cosine_mean_mean,pred_true_cosine_mean_std,retrieved_true_cosine_mean_mean,retrieved_true_cosine_mean_std,oracle_true_cosine_mean_mean,oracle_true_cosine_mean_std,retrieval_cosine_regret_mean_mean,retrieval_cosine_regret_mean_std,oracle_hit_at_1_mean,oracle_hit_at_1_std,oracle_hit_at_5_mean,oracle_hit_at_5_std,embedding_mse_mean_mean,embedding_mse_mean_std
linear,5,1.38906,0.9180319905281067,0.002444494633571479,0.8829048037528991,0.0031687850984069735,0.9242219448089599,0.002011835162199441,0.04131712540984154,0.0012535817706980522,0.011130759406621475,0.00539663247835377,0.03392839599736151,0.01076961232798209,0.00010235433001071215,2.9310499212850123e-06
mean,5,0.15314,0.9143519639968872,0.002265728077797575,0.8781494498252869,0.0036591531812481303,0.9242219448089599,0.002011835162199441,0.04607250541448593,0.001759217503512868,0.0026525198938992045,0.0016776008807259306,0.014848497607118297,0.003604686120717083,0.00010674709628801792,2.699911013762625e-06
ridge,5,0.29098,0.918298852443695,0.0023746066735381077,0.8830417990684509,0.003057587688196871,0.9242219448089599,0.002011835162199441,0.041180189698934555,0.0011195934008808993,0.011661263385401317,0.005701866296519249,0.03446030342582067,0.01098460115716416,0.00010202945268247276,2.846356646433327e-06
