method,seed_state,run,n_pairs,mse,rmse,r2_custom,train_n_rows,train_rank,train_cond
adaptive_llm_rerank_gp_ei,49,0,10,0.009711636036166888,0.09854763333620391,-0.9099548267218691,10,10,inf
adaptive_llm_rerank_gp_ei,49,0,20,0.011669633442571697,0.10802607760430671,-1.2950275974831373,20,14,inf
adaptive_llm_rerank_gp_ei,49,0,30,0.008927087239720655,0.09448326433671021,-0.7556602511229729,30,14,inf
adaptive_llm_rerank_gp_ei,49,0,40,0.005721286904957914,0.07563918894963056,-0.12518627124106652,40,14,inf
adaptive_llm_rerank_gp_ei,49,0,50,0.0034548528586487762,0.05877799638171393,0.3205456970981686,50,14,inf
adaptive_llm_rerank_gp_ei,49,0,60,0.003753277671738923,0.06126399980199565,0.2618554918585514,60,14,inf
