run_id,label,n_games,mae_normalized_efficiency,rmse_normalized_efficiency,corr_normalized_efficiency,mean_human_normalized_efficiency,mean_sim_normalized_efficiency
260310_val40_treatment_avg_exact_sequence_oracle_treatment,exact_sequence_oracle,40,0.24981530985220868,0.28923876915726665,0.20748395886739246,0.6953506016417896,0.8971540305493484
260310_val40_treatment_avg_exact_sequence_clustercal_archetype,exact_sequence_clustercal,40,0.23423096334061994,0.2750137031573656,0.33097821261744653,0.6953506016417896,0.871061538741273
linear_config_baseline,linear_config,40,0.09822393526144012,0.12298100280280917,0.4475741664090286,0.6953506016417896,0.6899522069967899
