method,seed_state,n_pairs,rmse_mean,rmse_p10,rmse_p90,r2_mean,r2_p10,r2_p90,train_rank_min,train_cond_median
random_addition,59,10,0.16445600964243806,0.16445600964243806,0.16445600964243806,-4.319002499319113,-4.319002499319113,-4.319002499319113,10,inf
random_addition,59,20,0.11971880232342538,0.08886820327397295,0.1667002159656402,-1.9951796083356796,-4.4651620225510635,-0.553188397848762,14,inf
random_addition,59,30,0.09301726922189901,0.06444687433305553,0.1296667590396681,-0.8320198386541777,-2.306648935328027,0.18316429818926092,14,inf
random_addition,59,40,0.07631178201420304,0.055938824025136044,0.09803802294991128,-0.20444032275812563,-0.8902553282113088,0.3845899339077205,14,inf
random_addition,59,50,0.07058878524976134,0.052665471454908304,0.08868952332051663,-0.024243934132907118,-0.5469651158603377,0.4545150367558255,14,inf
random_addition,59,60,0.06588152482984566,0.04927170380603168,0.08360416599430956,0.11063317024645207,-0.37463387054181746,0.5225511538159829,14,inf
