variant,label,n_games,mae_normalized_efficiency,rmse_normalized_efficiency,corr_normalized_efficiency,mean_human_normalized_efficiency,mean_sim_normalized_efficiency
no_archetype,no archetype,28,0.6944727334397526,0.9098976262626429,-0.07305826776800768,0.6601783801592108,0.12704746631067504
retrieved_archetype,retrieved archetype,23,0.39792168188894605,0.5159506008344461,-0.010135713314081966,0.6236243129190521,0.750600226041198
