metric_family,metric,distance_kind,bootstrap_mean,bootstrap_median,bootstrap_p05,bootstrap_p95,n_treatments,model_score,median_value
distribution_distance,final_surplus_ratio,wasserstein_1d,0.08831849839903384,0.08467134959479505,0.050413614933101855,0.1404593916617236,2,0.31263822942960295,0.31263822942960295
distribution_distance,proposer_net_surplus,wasserstein_1d,0.2601387235449735,0.25405092592592593,0.1518981481481482,0.3889302248677248,2,1.26739417989418,1.26739417989418
distribution_distance,trade_ratio,wasserstein_1d,0.06343509541513014,0.06097842440848394,0.040061332333157736,0.09561760425971731,2,0.39446239845545406,0.39446239845545406
distribution_distance,acceptance_rate,wasserstein_1d,0.047096560846560845,0.042493386243386236,0.011855158730158745,0.09637896825396822,2,0.07506613756613756,0.07506613756613756
