llm_family,comparison_family,metric,n_treatments,baseline_mean,twin_mean,mean_delta_twin_minus_baseline,median_delta_twin_minus_baseline,twin_wins,baseline_wins,ties,wilcoxon_stat,wilcoxon_p_less,sign_test_p_greater,wilcoxon_p_less_bh
gpt-5.1,mean_alignment_abs_error,mean_total_contribution_rate,40,0.1590871152595371,0.12017856795062669,-0.0389085473089104,-0.04460692450824039,26,14,0,239.0,0.010377284787864482,0.0403452338759962,0.022363033434885438
gpt-5.1,mean_alignment_abs_error,mean_round_normalized_efficiency,40,0.19155870657955448,0.1541316635327518,-0.03742704304680271,-0.036179641812865565,24,16,0,276.0,0.03625316605939588,0.13409362552738457,0.048337554745861176
gpt-5.1,wasserstein,final_total_contribution_rate,40,0.3959488634271179,0.334324112573289,-0.06162475085382885,-0.03768939393939395,28,11,1,213.0,0.0063053717858565506,0.004737652139738202,0.022363033434885438
gpt-5.1,wasserstein,mean_round_normalized_efficiency,40,0.24208682824425903,0.2042583795688393,-0.03782844867541975,-0.03403957946318703,26,14,0,241.0,0.011181516717442719,0.0403452338759962,0.022363033434885438
gpt-5-mini,mean_alignment_abs_error,mean_total_contribution_rate,40,0.2787474085753721,0.15948572547138365,-0.11926168310398848,-0.12757158574044528,35,5,0,47.0,1.97442204807885e-08,6.91306013322901e-07,5.2651254615435995e-08
gpt-5-mini,mean_alignment_abs_error,mean_round_normalized_efficiency,40,0.3209097115874635,0.20594728605244023,-0.11496242553502327,-0.130705751919223,34,6,0,64.0,1.4114721125224605e-07,4.182292286714073e-06,2.822944225044921e-07
gpt-5-mini,wasserstein,final_total_contribution_rate,40,0.5374852668662642,0.32649310082313543,-0.2109921660431287,-0.19165209790209786,37,3,0,13.0,8.003553375601768e-11,9.732502803672105e-09,6.402842700481415e-10
gpt-5-mini,wasserstein,mean_round_normalized_efficiency,40,0.35392563460754556,0.24361096529245346,-0.11031466931509204,-0.10906306715063524,37,3,0,27.0,1.1468728189356625e-09,9.732502803672105e-09,4.58749127574265e-09
