source,metric,n_games,mae,rmse,bias,corr
oracle archetype 12B,contribution_shift,24,0.14321104549791502,0.2040470063943217,-0.022176755713625245,-0.1567289280026751
oracle archetype 27B unit-edge,contribution_shift,24,0.1623131438036866,0.19873060047227672,-0.09596966089770369,0.39628560362677984
