source,metric,n_games,mae,rmse,bias,corr
oracle archetype 12B,contribution_rate,24,0.13513825071693125,0.18740220359314835,0.1224912485962449,0.7342023227976429
oracle archetype 12B,punishment_rate,15,0.11937895077059163,0.15934494333756344,0.03491447510178161,0.7468266130356013
oracle archetype 12B,reward_rate,12,0.38505436668413523,0.4493119106165162,0.3823071139368825,0.11727512413753491
oracle archetype 12B,normalized_efficiency,24,0.18545996373985899,0.26779590330729086,0.16738832553675845,0.5478965128369558
oracle archetype 27B unit-edge,contribution_rate,24,0.11271101323609527,0.15300843213248091,0.03791592174842488,0.7864248805466112
oracle archetype 27B unit-edge,punishment_rate,15,0.24377607606245377,0.29527251958381334,0.15234173984483584,0.7364965139008482
oracle archetype 27B unit-edge,reward_rate,12,0.2625132318826006,0.29511886552201766,0.2625132318826006,0.8304878513122685
oracle archetype 27B unit-edge,normalized_efficiency,24,0.16518829741090693,0.20371062641664195,0.050328261551372454,0.668411472630423
