treatment_name,n_rows,exact_match_rate,delegation_match_rate,scenario_exact_match_rate,scenario_field_match_rate,numeric_direct_abs_error_mean
ODP,50,0.0,0.5257142857142856,0.0,0.3899999999999999,1.6046666666666667
ODU,50,0.0,0.5114285714285713,0.0,0.3757142857142858,1.5919999999999999
TDP,50,0.0,0.5542857142857143,0.0,0.34857142857142853,1.8547619047619046
TDU,50,0.0,0.5457142857142857,0.0,0.3666666666666666,1.7590079365079367
TRP,48,0.0,1.0,0.006944444444444444,0.4464285714285714,1.5439814814814816
TRU,48,0.0,1.0,0.0,0.46329365079365076,1.6851851851851851
