roundIndex,punishment_target_f1
2,0.6666666666666666
3,0.5555555555555556
4,0.4444444444444444
5,0.4444444444444444
6,0.7777777777777778
