run_id,label,n_games,mae_normalized_efficiency,rmse_normalized_efficiency,corr_normalized_efficiency,mean_human_normalized_efficiency,mean_sim_normalized_efficiency
260310_val40_treatment_avg_archetype_cluster_plus,archetype_cluster_plus,40,0.2059161778133481,0.25911420506455657,0.4520414386925276,0.6953506016417896,0.5406114122245438
260310_val40_treatment_avg_archetype_cluster,archetype_cluster,40,0.13494687027672692,0.16432189340609685,0.4953906915247775,0.6953506016417896,0.6029780060983784
260309_val40_treatment_avg_random_baseline,random_baseline,40,0.2011994052651506,0.2209022136443653,0.3896952301492552,0.6953506016417896,0.5007879851205328
linear_config_baseline,linear_config,40,0.09822393526144013,0.12298100280280917,0.4475741664090286,0.6953506016417896,0.6899522069967899
