method,seed_state,run,n_pairs,mse,rmse,r2_custom,train_n_rows,train_rank,train_cond
adaptive_bo_gp_ei,60,0,10,0.018353473142978267,0.1354749908395578,-2.609515892687553,10,10,inf
adaptive_bo_gp_ei,60,0,20,0.007632580297458558,0.08736463985765956,-0.5010739205200894,20,14,inf
adaptive_bo_gp_ei,60,0,30,0.006373030586795577,0.0798312632168349,-0.25336251119441644,30,14,inf
adaptive_bo_gp_ei,60,0,40,0.003292968580753528,0.057384393181016805,0.35238293407708343,40,14,inf
adaptive_bo_gp_ei,60,0,50,0.0023857281228647506,0.04884391592475721,0.5308068664700387,50,14,inf
adaptive_bo_gp_ei,60,0,60,0.0024663342918839473,0.049662201842890004,0.5149543220574972,60,14,inf
