method,seed_state,n_pairs,rmse_mean,rmse_p10,rmse_p90,r2_mean,r2_p10,r2_p90,train_rank_min,train_cond_median
random_addition,60,10,0.1354749908395578,0.1354749908395578,0.1354749908395578,-2.609515892687553,-2.609515892687553,-2.609515892687553,10,inf
random_addition,60,20,0.09504472134639717,0.0672496418684256,0.1273591119937198,-0.9166864964816024,-2.1900007984436294,0.11056928259656335,14,inf
random_addition,60,30,0.08162145063929796,0.058074168759031417,0.10426530087129794,-0.38584717651000944,-1.1380138407686644,0.33671865045814914,14,inf
random_addition,60,40,0.07330671198167421,0.05524194786709712,0.0951959600051969,-0.10679358036815823,-0.7822679255051491,0.3998317677645376,14,inf
random_addition,60,50,0.06928829369604292,0.05325004916190699,0.0883861109627247,0.02208156999605655,-0.5363856555112984,0.4423362847252356,14,inf
random_addition,60,60,0.06538203480491593,0.051630256902135165,0.08020415727405247,0.13526048408102068,-0.265098978861438,0.47574879735092207,14,inf
