{
  "matched_behavior": {
    "total_weight": 1280.0,
    "mean_contribution": 17.31843282640042,
    "mean_contribution_rate": 0.865921641320021,
    "first_contribution": 15.871726562500001,
    "first_contribution_rate": 0.793586328125,
    "final_contribution": 17.733585937500003,
    "final_contribution_rate": 0.8866792968749999,
    "contribution_sd": 3.1096646727343655,
    "zero_contribution_rate": 0.0690753751136676,
    "full_contribution_rate": 0.7626024489660856,
    "contribution_slope": 0.06495808804059405,
    "message_count": 3.0923671875,
    "messages_per_round": 0.2229169062403197,
    "rounds_with_message_rate": 0.15662758180958697,
    "reward_given_units": 10.08540625,
    "reward_given_events": 8.4235234375,
    "reward_given_round_rate": 0.19397620090200823,
    "reward_received_units": 6.772757812499999,
    "reward_received_events": 5.100515625,
    "reward_received_round_rate": 0.22523823541000815,
    "punish_given_units": 4.5671875,
    "punish_given_events": 2.2290234375,
    "punish_given_round_rate": 0.09274730068851111,
    "punish_received_units": 1.370921875,
    "punish_received_events": 0.9353671875,
    "punish_received_round_rate": 0.04755356413685109
  },
  "candidate_uniform_behavior": {
    "total_weight": 1280.0,
    "mean_contribution": 15.064682136210829,
    "mean_contribution_rate": 0.7532341068105415,
    "first_contribution": 13.879172570850201,
    "first_contribution_rate": 0.6939586285425101,
    "final_contribution": 15.14191488336225,
    "final_contribution_rate": 0.7570957441681126,
    "contribution_sd": 4.616284084723324,
    "zero_contribution_rate": 0.14650369692252824,
    "full_contribution_rate": 0.6375718618943098,
    "contribution_slope": 0.05547437868054299,
    "message_count": 1.9165625,
    "messages_per_round": 0.1374120749793199,
    "rounds_with_message_rate": 0.1004204882123007,
    "reward_given_units": 5.891809752747252,
    "reward_given_events": 4.453919413919413,
    "reward_given_round_rate": 0.129105177375835,
    "reward_received_units": 5.891809752747252,
    "reward_received_events": 4.453919413919413,
    "reward_received_round_rate": 0.2168247418641088,
    "punish_given_units": 5.693320862251783,
    "punish_given_events": 1.782102793040293,
    "punish_given_round_rate": 0.08185487793431238,
    "punish_received_units": 5.693320862251783,
    "punish_received_events": 1.782102793040293,
    "punish_received_round_rate": 0.07806731899485717
  },
  "unique_sampled_player_behavior": {
    "n_players": 342,
    "mean_contribution": 15.534824708210325,
    "mean_contribution_rate": 0.7767412354105161,
    "first_contribution": 14.02046783625731,
    "first_contribution_rate": 0.7010233918128655,
    "final_contribution": 15.584795321637428,
    "final_contribution_rate": 0.7792397660818714,
    "contribution_sd": 4.504371176342426,
    "zero_contribution_rate": 0.14385030740103977,
    "full_contribution_rate": 0.6872375049827534,
    "contribution_slope": 0.0707824995041317,
    "message_count": 2.301169590643275,
    "messages_per_round": 0.15344308486510808,
    "rounds_with_message_rate": 0.10872364017391328,
    "reward_given_units": 6.260233918128655,
    "reward_given_events": 5.052631578947368,
    "reward_given_round_rate": 0.12356395242715545,
    "reward_received_units": 6.260233918128655,
    "reward_received_events": 5.052631578947368,
    "reward_received_round_rate": 0.21550978243226973,
    "punish_given_units": 6.7368421052631575,
    "punish_given_events": 2.318713450292398,
    "punish_given_round_rate": 0.09690236045340939,
    "punish_received_units": 6.7368421052631575,
    "punish_received_events": 2.318713450292398,
    "punish_received_round_rate": 0.09006135158338255
  },
  "concentration": {
    "n_parsed_matches": 1280,
    "n_long_match_rows": 3810,
    "n_candidate_players": 342,
    "probability_error_count": 0,
    "duplicate_top_match_count": 0,
    "top1_unique_player_count": 136,
    "top1_effective_n": 88.31873097710093,
    "probability_mass_unique_player_count": 236,
    "probability_mass_effective_n": 140.59336369632,
    "top1_most_common": [
      [
        "ASQtYBWx6cGN27KxL::GORILLA",
        32
      ],
      [
        "3EQGxadfbmAKaACgZ::GORILLA",
        32
      ],
      [
        "3EG5RaDj4z7hkT2JD::GORILLA",
        29
      ],
      [
        "2khRAszouj8vP8ZfP::DUCK",
        29
      ],
      [
        "6Pxb9DsQpyk22cJNr::SLOTH",
        29
      ],
      [
        "7ywewvEuctuz4Rq8j::SLOTH",
        29
      ],
      [
        "65crAkEscRbHNJXbW::SLOTH",
        29
      ],
      [
        "Fm7uYc98E2b6kcoDE::SLOTH",
        28
      ],
      [
        "2TDnnb4wn9rwy3CYZ::GORILLA",
        27
      ],
      [
        "6sSM4xSyZQkaxyHav::DUCK",
        27
      ]
    ],
    "probability_mass_top10": [
      [
        "3EG5RaDj4z7hkT2JD::GORILLA",
        23.160000000000004
      ],
      [
        "65crAkEscRbHNJXbW::SLOTH",
        22.810000000000002
      ],
      [
        "3EQGxadfbmAKaACgZ::GORILLA",
        21.93
      ],
      [
        "Fm7uYc98E2b6kcoDE::SLOTH",
        21.779999999999998
      ],
      [
        "2TDnnb4wn9rwy3CYZ::GORILLA",
        21.45
      ],
      [
        "2khRAszouj8vP8ZfP::DUCK",
        20.98
      ],
      [
        "6Pxb9DsQpyk22cJNr::SLOTH",
        20.829999999999995
      ],
      [
        "ASQtYBWx6cGN27KxL::GORILLA",
        20.52
      ],
      [
        "6sSM4xSyZQkaxyHav::DUCK",
        19.439999999999998
      ],
      [
        "7ywewvEuctuz4Rq8j::SLOTH",
        18.87
      ]
    ]
  },
  "probability_error_custom_ids": [],
  "duplicate_top_match_custom_ids": []
}