{
  "n_matches": 1280,
  "n_unique_most_aligned_players": 15,
  "top_player": "GORILLA",
  "top_player_share": 0.23515625,
  "entropy": 2.2092689820156513,
  "effective_n": 9.10905507548488
}