game_id,mean_contribution_rate,mean_payoff,punishment_rate,reward_rate,normalized_efficiency,total_payoff
2601291240-VALIDATION_16_T,0.6644295302013423,-32.899328859060404,0.9466666666666667,0.0,-2.9266666666666667,-4902.0
2601292005-VALIDATION_16_T,1.0,38.0,0.0,0.0,1.0,5700.0
