game_id,mean_contribution_rate,mean_payoff,punishment_rate,reward_rate,normalized_efficiency,total_payoff
2601252338-VALIDATION_1_T,0.2760416666666667,8.145833333333334,0.9583333333333334,0.0,-0.5927083333333333,391.0
2601292005-VALIDATION_1_T,0.15104166666666666,2.0833333333333335,0.6875,0.0,-0.8958333333333334,100.0
