game_id,mean_contribution_rate,mean_payoff,punishment_rate,reward_rate,normalized_efficiency,total_payoff
2601291816-VALIDATION_17_C,0.25274725274725274,73.07692307692308,0.0,0.0,0.23809523809523808,13300.0
2601300651-VALIDATION_17_C,0.9473684210526315,218.94736842105263,0.0,0.0,0.9473684210526315,41600.0
