game_id,mean_contribution_rate,mean_payoff,punishment_rate,reward_rate,normalized_efficiency,total_payoff
2601252338-VALIDATION_8_C,0.42083333333333334,23.266666666666666,0.0,1.0,0.13611111111111107,279.2
2601292005-VALIDATION_8_C,0.5,17.833333333333332,0.0,1.0,-0.09027777777777778,214.0
