game_id,mean_contribution_rate,mean_payoff,punishment_rate,reward_rate,normalized_efficiency,total_payoff
2601252338-VALIDATION_10_T,0.8055555555555556,34.5,0.0,0.0,0.8055555555555556,621.0
2601292005-VALIDATION_10_T,0.48055555555555557,28.65,0.0,0.0,0.4805555555555557,515.7
