game_id,round_index,mean_contribution_rate,mean_payoff,punishment_rate,reward_rate
2601252338-VALIDATION_8_C,1,0.3,22.866666666666667,0.0,1.0
2601252338-VALIDATION_8_C,2,0.5416666666666666,23.666666666666668,0.0,1.0
2601292005-VALIDATION_8_C,1,0.5,27.0,0.0,1.0
2601292005-VALIDATION_8_C,2,0.5,8.666666666666666,0.0,1.0
