game_id,mean_contribution_rate,mean_payoff,punishment_rate,reward_rate,normalized_efficiency,total_payoff
2601252338-VALIDATION_2_T,0.8575,36.065,0.45,1.0,0.7302272727272726,1442.6
2601292005-VALIDATION_2_T,0.4475,14.045,1.0,0.0,-0.2706818181818181,561.8000000000001
