game_id,mean_contribution_rate,mean_payoff,punishment_rate,reward_rate,normalized_efficiency,total_payoff
2601252338-VALIDATION_7_C,0.5278947368421053,79.12421052631579,0.0,0.0,0.5278947368421053,15033.6
2601292005-VALIDATION_7_C,0.7289473684210527,101.6421052631579,0.0,0.0,0.7289473684210527,19312.0
