game_id,mean_contribution_rate,mean_payoff,punishment_rate,reward_rate,normalized_efficiency,total_payoff
2601252338-VALIDATION_12_T,0.6527777777777778,24.72222222222222,0.7638888888888888,0.0,0.0874485596707819,1780.0
2601292005-VALIDATION_12_T,1.0,74.0,0.0,0.0,1.0,5328.0
