game_id,mean_contribution_rate,mean_payoff,punishment_rate,reward_rate,normalized_efficiency,total_payoff
2601252338-VALIDATION_14_C,0.6754385964912281,30.80701754385965,0.0,1.0,0.6754385964912281,3512.0
2601292005-VALIDATION_14_C,0.5,28.0,0.0,0.9035087719298246,0.5,3192.0
