game_id,player_id,mean_contribution_rate,mean_payoff,punishment_rate,reward_rate
2601252338-VALIDATION_19_C,CROCODILE,0.5,25.724137931034484,0.0,1.0
2601252338-VALIDATION_19_C,OWL,0.5,16.586206896551722,0.0,1.0
2601252338-VALIDATION_19_C,SLOTH,0.5172413793103449,10.172413793103448,0.0,1.0
2601252338-VALIDATION_19_C,CHICKEN,0.5172413793103449,26.655172413793103,0.0,1.0
2601292005-VALIDATION_19_C,GORILLA,1.0,32.206896551724135,0.0,0.9655172413793104
2601292005-VALIDATION_19_C,RABBIT,0.5,26.82758620689655,0.0,1.0
2601292005-VALIDATION_19_C,COW,0.5,19.586206896551722,0.0,1.0
2601292005-VALIDATION_19_C,CHICK,1.0,36.827586206896555,0.0,0.4482758620689655
