game_id,mean_contribution_rate,mean_payoff,punishment_rate,reward_rate,normalized_efficiency,total_payoff
2601252338-VALIDATION_3_T,0.6192307692307693,43.78589743589744,0.36538461538461536,0.8012820512820513,0.42474816849816854,6830.6
2601292005-VALIDATION_3_T,0.8830128205128205,65.37820512820512,0.057692307692307696,0.9294871794871795,0.8103250915750916,10199.0
