game_id,player_id,mean_contribution_rate,mean_payoff,punishment_rate,reward_rate
2601252338-VALIDATION_10_T,GORILLA,0.7833333333333333,34.1,0.0,0.0
2601252338-VALIDATION_10_T,MONKEY,0.8,34.4,0.0,0.0
2601252338-VALIDATION_10_T,RABBIT,0.8333333333333334,35.0,0.0,0.0
2601292005-VALIDATION_10_T,CHICKEN,0.5,29.0,0.0,0.0
2601292005-VALIDATION_10_T,WHALE,0.44166666666666665,27.95,0.0,0.0
2601292005-VALIDATION_10_T,DUCK,0.5,29.0,0.0,0.0
