game_id,mean_contribution_rate,mean_payoff,punishment_rate,reward_rate,normalized_efficiency,total_payoff
2601250954-VALIDATION_18_T,0.967391304347826,47.880434782608695,0.05434782608695652,0.0,0.9293478260869565,4405.0
2601251505-VALIDATION_18_T,0.7472527472527473,42.417582417582416,0.0,0.0,0.7318840579710145,3860.0
2601252322-VALIDATION_18_T,1.0,50.0,0.0,0.0,1.0,4600.0
2601252338-VALIDATION_18_T,0.9565217391304348,47.91304347826087,0.11956521739130435,0.0,0.9304347826086956,4408.0
2601292005-VALIDATION_18_T,1.0,50.0,0.0,0.0,1.0,4600.0
