game_id,mean_contribution_rate,mean_payoff,punishment_rate,reward_rate,normalized_efficiency,total_payoff
2601291240-VALIDATION_11_T,1.0,57.83495145631068,0.038461538461538464,0.9551282051282052,0.9810222672064778,17871.0
2601292005-VALIDATION_11_T,1.0,58.0,0.0,0.0,1.0,18096.0
