game_id,mean_contribution_rate,mean_payoff,punishment_rate,reward_rate,normalized_efficiency,total_payoff
2601291240-VALIDATION_9_C,0.65,68.64814814814815,0.0,1.0,0.9008916323731139,9267.5
2601292005-VALIDATION_9_C,0.39814814814814814,55.51481481481481,0.0,1.0,0.657681755829904,7494.5
