n_rows,predicted_contribution_parsed,contrib_mae,contrib_rmse,contrib_bias,contrib_corr,action_exact_match,target_set_exact,target_precision,target_recall,target_f1,target_jaccard,target_hit_any,unit_mae_on_overlap,unit_exact_on_overlap_rate,actual_any_action_rate,pred_any_action_rate,actual_any_punish_rate,pred_any_punish_rate,actual_any_reward_rate,pred_any_reward_rate
2810,0.998220640569395,4.068327402135231,8.09353680897862,-0.33167259786476866,0.4438605204007939,0.4202846975088968,0.43736654804270464,0.4887122495930325,0.49471602142420645,0.4831506048320995,0.4712634607385497,0.5192170818505338,1.1459753787878788,0.5527935606060606,0.20498220640569395,0.5900355871886122,0.07829181494661921,0.18825622775800713,0.1302491103202847,0.4298932384341637
