game_id,player_id,mean_contribution_rate,mean_payoff,punishment_rate,reward_rate
VALIDATION_3_T,HORSE,0.7307692307692307,68.88461538461539,0.038461538461538464,0.9615384615384616
VALIDATION_3_T,OWL,0.5,36.88461538461539,0.038461538461538464,0.9615384615384616
VALIDATION_3_T,CHICKEN,0.7307692307692307,41.53846153846154,0.11538461538461539,0.9615384615384616
VALIDATION_3_T,MONKEY,0.7403846153846154,53.61538461538461,0.9615384615384616,0.9615384615384616
VALIDATION_3_T,GORILLA,0.5134615384615384,25.215384615384615,1.0,0.0
VALIDATION_3_T,MOOSE,0.5,36.57692307692308,0.038461538461538464,0.9615384615384616
