game_id,mean_contribution_rate,mean_payoff,punishment_rate,reward_rate,normalized_efficiency,total_payoff
2602052146-VALIDATION_19_T,0.6620689655172414,23.48103448275862,0.6293103448275862,0.47413793103448276,0.21756465517241388,2723.8
