game_id,player_id,mean_contribution_rate,mean_payoff,punishment_rate,reward_rate
2602052146-VALIDATION_3_T,OWL,1.0,2.230769230769231,0.0,1.0
2602052146-VALIDATION_3_T,CHICK,0.038461538461538464,-16.615384615384617,0.9230769230769231,0.0
2602052146-VALIDATION_3_T,SNAKE,0.5,5.923076923076923,0.9615384615384616,1.0
2602052146-VALIDATION_3_T,WALRUS,0.08846153846153847,33.761538461538464,0.9615384615384616,0.038461538461538464
2602052146-VALIDATION_3_T,GORILLA,1.0,90.15384615384616,0.0,0.0
2602052146-VALIDATION_3_T,ELEPHANT,1.0,82.03846153846153,0.0,1.0
