game_id,player_id,mean_contribution_rate,mean_payoff,punishment_rate,reward_rate
2602052146-VALIDATION_3_C,MOOSE,1.0,92.72727272727273,0.0,0.0
2602052146-VALIDATION_3_C,MONKEY,0.45454545454545453,51.63636363636363,0.0,0.0
2602052146-VALIDATION_3_C,FROG,0.9090909090909091,23.454545454545453,0.0,1.0
2602052146-VALIDATION_3_C,WALRUS,0.8863636363636364,84.54545454545455,0.0,0.0
2602052146-VALIDATION_3_C,OWL,0.9090909090909091,40.72727272727273,0.0,1.0
2602052146-VALIDATION_3_C,COW,1.0,80.54545454545455,0.0,0.45454545454545453
