game_id,player_id,mean_contribution_rate,mean_payoff,punishment_rate,reward_rate
2602052146-VALIDATION_18_T,DOG,1.0,31.82608695652174,0.0,0.0
2602052146-VALIDATION_18_T,RABBIT,0.21739130434782608,19.043478260869566,0.2608695652173913,0.0
2602052146-VALIDATION_18_T,COW,0.043478260869565216,6.826086956521739,1.0,0.0
2602052146-VALIDATION_18_T,MOOSE,0.0,14.608695652173912,0.9565217391304348,0.0
