game_id,player_id,mean_contribution_rate,mean_payoff,punishment_rate,reward_rate
2602052146-VALIDATION_18_C,RABBIT,0.6956521739130435,40.869565217391305,0.0,0.0
2602052146-VALIDATION_18_C,WHALE,1.0,50.0,0.0,0.0
2602052146-VALIDATION_18_C,CHICKEN,0.9565217391304348,48.69565217391305,0.0,0.0
2602052146-VALIDATION_18_C,CROCODILE,1.0,50.0,0.0,0.0
