game_id,round_index,mean_contribution_rate,mean_payoff,punishment_rate,reward_rate
2602052146-VALIDATION_4_C,1,0.8571428571428571,47.42857142857143,0.0,0.7142857142857143
2602052146-VALIDATION_4_C,2,1.0,52.0,0.0,0.7142857142857143
2602052146-VALIDATION_4_C,3,1.0,52.0,0.0,0.7142857142857143
2602052146-VALIDATION_4_C,4,1.0,52.0,0.0,0.7142857142857143
2602052146-VALIDATION_4_C,5,1.0,54.0,0.0,0.7142857142857143
2602052146-VALIDATION_4_C,6,1.0,52.0,0.0,0.8571428571428571
2602052146-VALIDATION_4_C,7,1.0,52.0,0.0,0.8571428571428571
2602052146-VALIDATION_4_C,8,1.0,52.0,0.0,0.8571428571428571
