game_id,player_id,mean_contribution_rate,mean_payoff,punishment_rate,reward_rate
2602052146-VALIDATION_19_T,SLOTH,1.0,36.0,0.0,0.0
2602052146-VALIDATION_19_T,COW,0.034482758620689655,6.655172413793103,0.6896551724137931,0.20689655172413793
2602052146-VALIDATION_19_T,OWL,0.6137931034482759,22.337931034482757,0.896551724137931,0.8275862068965517
2602052146-VALIDATION_19_T,PARROT,1.0,28.93103448275862,0.9310344827586207,0.8620689655172413
