game_id,mean_contribution_rate,mean_payoff,punishment_rate,reward_rate,normalized_efficiency,total_payoff
2602052146-VALIDATION_3_T,0.6044871794871794,32.91538461538462,0.47435897435897434,0.5064102564102564,0.23063186813186815,5134.8
