game_id,mean_contribution_rate,mean_payoff,punishment_rate,reward_rate,normalized_efficiency,total_payoff
2602052146-VALIDATION_4_T,0.6964285714285714,37.107142857142854,0.4107142857142857,0.3392857142857143,0.5345982142857143,2078.0
