method,seed_state,n_pairs,rmse_mean,rmse_p10,rmse_p90,r2_mean,r2_p10,r2_p90,train_rank_min,train_cond_median
random_addition,54,10,0.14003233625606107,0.14003233625606107,0.14003233625606107,-2.856446996378506,-2.856446996378506,-2.856446996378506,10,inf
random_addition,54,20,0.10717453416859557,0.0817061341932881,0.13481615545590686,-1.3898653870166382,-2.5744991193346234,-0.3129263122062134,14,inf
random_addition,54,30,0.09491315577696283,0.07194976004760359,0.11979905877988213,-0.8701648215755448,-1.8225616194162613,-0.018099017450780554,14,inf
random_addition,54,40,0.08559283830915007,0.06628565511694826,0.10677791944253621,-0.4990474662242033,-1.2423005993220173,0.13588676881481224,14,inf
random_addition,54,50,0.07847994314380217,0.061675917440092765,0.0984171083983598,-0.25116564055762486,-0.904899095694616,0.25189330017506223,14,inf
random_addition,54,60,0.07234880441142785,0.058175530042899305,0.08795239395149106,-0.05990955726814307,-0.5213484785219842,0.3344023388117169,14,inf
