n_rows,predicted_contribution_parsed,contrib_mae,contrib_rmse,contrib_bias,contrib_corr,action_exact_match,target_set_exact,target_precision,target_recall,target_f1,target_jaccard,target_hit_any,unit_mae_on_overlap,unit_exact_on_overlap_rate,actual_any_action_rate,pred_any_action_rate,actual_any_punish_rate,pred_any_punish_rate,actual_any_reward_rate,pred_any_reward_rate
4373,0.9986279442030642,3.376171964326549,7.336104639580339,-0.30551109078435856,0.5523190909048327,0.6037045506517265,0.6199405442487994,0.6810664054546973,0.6900994773450753,0.6778936403828171,0.6633652687734553,0.718271209695861,0.9417374380750175,0.6555820948336871,0.23004802195289276,0.39858220900983304,0.10176080493940087,0.1612165561399497,0.1346901440658587,0.2547450262977361
