game_id,player_id,mean_contribution_rate,mean_payoff,punishment_rate,reward_rate
2601311619-VALIDATION_18_T,OWL,0.21739130434782608,18.347826086956523,0.9565217391304348,0.0
2601311619-VALIDATION_18_T,DUCK,1.0,48.08695652173913,0.9565217391304348,0.0
2601311619-VALIDATION_18_T,CHICK,1.0,28.869565217391305,1.0,0.0
2601311619-VALIDATION_18_T,RABBIT,0.0,-30.043478260869566,0.8260869565217391,0.0
