trait,n_items,mean_raw_minus_gold_mean_response,ci95_low,ci95_high,sign_test_pvalue,n_positive,n_negative
big_five_agreeableness,7,0.0027469005096105725,-0.11360274314655142,0.10649383773511399,1.0,4,3
big_five_conscientiousness,7,0.11559838042410986,-0.28843768454992996,0.5550619711709771,1.0,4,3
big_five_extraversion,10,-0.0683125214801239,-0.3163669939088118,0.19948419412417756,0.75390625,4,6
big_five_neuroticism,8,-0.002339694166997086,-0.17130510775295837,0.1928887506940245,1.0,4,4
big_five_openness,8,-0.12728957501087051,-0.37104069962498776,0.14147873370222708,0.2890625,2,6
ALL,40,-0.02229356004220342,-0.13943560171041752,0.10097653532633984,0.6358280026288412,18,22
