trait,n_items,mean_tvd_baseline_to_raw,mean_tvd_twin_to_raw,mean_tvd_delta_twin_minus_baseline_to_raw,mean_tvd_delta_ci95_low,mean_tvd_delta_ci95_high,mean_tvd_delta_sign_test_pvalue,mean_abs_mean_err_baseline_to_raw,mean_abs_mean_err_twin_to_raw,mean_abs_mean_err_delta_twin_minus_baseline_to_raw,mean_abs_mean_err_delta_ci95_low,mean_abs_mean_err_delta_ci95_high,mean_abs_mean_err_delta_sign_test_pvalue
big_five_agreeableness,7,0.12884339900178543,0.27097374461388507,0.14213034561209964,0.1123312384692425,0.16374441363967376,0.015625,0.177959499684038,0.222678129013775,0.044718629329737025,-0.07756784911530652,0.14593367920335196,0.453125
big_five_conscientiousness,7,0.13798649538892865,0.19783851740584615,0.059852022016917486,0.026027672843398127,0.09695762119043684,0.015625,0.4144754205924456,0.2661942222646972,-0.14828119832774836,-0.2593303054706055,-0.016205305470605343,0.125
big_five_extraversion,10,0.11846429296354766,0.24682178821133757,0.1283574952477899,0.09278816789273164,0.16221553076337808,0.001953125,0.18437284116278457,0.5556539201162872,0.37128107895350265,0.2321047152325743,0.5159373289535027,0.001953125
big_five_neuroticism,8,0.09434427023535236,0.3530759970451974,0.258731726809845,0.23810672680984502,0.27487339095030094,0.0078125,0.1519817412341128,0.8957708037341129,0.7437890625000001,0.6779296875,0.8046289062500002,0.0078125
big_five_openness,8,0.139186893054159,0.15666759449609552,0.017480701441936523,-0.019544517916503683,0.05012034664294428,0.7265625,0.31042109439494575,0.12362222810014628,-0.18679886629479947,-0.34965507909241866,-0.021747889893535932,0.2890625
ALL,40,0.12301753741716415,0.24569631121454588,0.12267877379738176,0.09379355106878717,0.15159718841256695,1.946500560734421e-08,0.2422498884648924,0.4283447478696562,0.18609485940476383,0.06498281336449759,0.31048015805037693,0.0806904677519924
