trait,simbench_benchmark40_implied_mean,simbench_item_count,twin_mean,twin_sd,twin_q10,twin_q50,twin_q90,twin_minus_simbench_mean
big_five_extraversion,50.93109176308856,10,46.835379008746294,23.354962935242554,15.62,46.88,78.12,-4.095712754342266
big_five_agreeableness,72.8871741158372,7,72.55012147716246,17.19929434440179,50.0,75.0,94.44,-0.33705263867473434
big_five_conscientiousness,60.230676071551315,7,73.37198736637538,18.94189544883995,47.22,75.0,97.22,13.141311294824064
big_five_neuroticism,47.447087295222815,8,42.866345966958235,25.06097039234832,9.38,40.62,78.12,-4.58074132826458
big_five_openness,73.78028697445298,8,68.75364431486881,17.37222395456842,47.5,70.0,90.0,-5.026642659584169
