dataset_name,n_rows,evaluated_row_count,row_evaluable_rate,mean_completion_rate,mean_parse_success_rate,mean_full_request_success_rate,mean_valid_prediction_rate,mean_tvd,median_tvd,weighted_mean_tvd_by_group_size,mean_simbench_score,median_simbench_score,weighted_mean_simbench_score_by_group_size,mean_jsd,modal_match_rate
Choices13k,500,500,1.0,1.0,1.0,1.0,1.0,0.21987069346320676,0.19562500000000002,0.21797815047621136,-207.84607103583122,-51.684027777777686,-217.25976435045854,0.039107228152965884,0.46
DICES,247,247,1.0,1.0,1.0,1.0,1.0,0.15221514870795516,0.0709375,0.15165532303208681,70.90702614582406,89.3125,71.13128842763365,0.06169427269271064,0.9068825910931174
OSPsychBig5,40,40,1.0,1.0,0.953125,0.953125,0.999609375,0.22095078540680174,0.19117583092278612,0.22095078540680171,-89.82593749147512,-7.928682488841216,-89.82593749147513,0.04222309332501314,0.35
OSPsychRWAS,22,22,1.0,1.0,0.609375,0.609375,1.0,0.2051823589012337,0.2044397339441832,0.20518137093915265,49.60738620991751,52.074620834099086,49.61026540271768,0.03347492630214373,0.7272727272727273
OpinionQA,500,500,1.0,1.0,0.1835625,0.1835625,0.996375,0.15791422908589176,0.1407540020004197,0.1588274938035917,54.729483117635276,60.922719548407485,53.78630810955666,0.028039857764401693,0.684
