run_id,run_label,n_rows,predicted_contribution_parsed,contrib_mae,contrib_rmse,contrib_bias,contrib_corr,action_exact_match,target_set_exact,target_precision,target_recall,target_f1,target_jaccard,target_hit_any,unit_mae_on_overlap,unit_exact_on_overlap_rate,actual_any_action_rate,pred_any_action_rate,actual_any_punish_rate,pred_any_punish_rate,actual_any_reward_rate,pred_any_reward_rate,input_csv,pre_filter_rows,post_filter_rows,malformed_dict_rows
2602262019,no persona,2810,0.998220640569395,4.068327402135231,8.09353680897862,-0.33167259786476866,0.4438605204007939,0.4202846975088968,0.43736654804270464,0.4887122495930325,0.49471602142420645,0.4831506048320995,0.4712634607385497,0.5192170818505338,1.1459753787878788,0.5527935606060606,0.20498220640569395,0.5900355871886122,0.07829181494661921,0.18825622775800713,0.1302491103202847,0.4298932384341637,/Users/robinna/Documents/projects/MultiAgent_LLM/PGG-finetuning/Micro_behavior_eval/output/2602262019/micro_behavior_eval.csv,2810,2810,0
2602270203,oracle persona,4373,0.9986279442030642,3.376171964326549,7.336104639580339,-0.30551109078435856,0.5523190909048327,0.6037045506517265,0.6199405442487994,0.6810664054546973,0.6900994773450753,0.6778936403828171,0.6633652687734553,0.718271209695861,0.9417374380750175,0.6555820948336871,0.23004802195289276,0.39858220900983304,0.10176080493940087,0.1612165561399497,0.1346901440658587,0.2547450262977361,/Users/robinna/Documents/projects/MultiAgent_LLM/PGG-finetuning/Micro_behavior_eval/output/2602270203/micro_behavior_eval.csv,4373,4373,0
2602270212,retrieved persona,4590,0.9980392156862745,3.869281045751634,7.9024002861930756,1.1616557734204793,0.4312006553270954,0.6226579520697167,0.6342047930283224,0.6826860497285334,0.6858916821498521,0.6782521137568219,0.6671965767227205,0.7100217864923747,0.8822402380518614,0.691841258274124,0.22962962962962963,0.32788671023965144,0.09956427015250545,0.12091503267973856,0.13616557734204793,0.2167755991285403,/Users/robinna/Documents/projects/MultiAgent_LLM/PGG-finetuning/Micro_behavior_eval/output/2602270212/micro_behavior_eval.csv,4590,4590,0
