treatment_name,n_rows,exact_match_rate,delegation_match_rate,scenario_exact_match_rate,scenario_field_match_rate,numeric_direct_abs_error_mean
ODP,50,0.0,0.46857142857142847,0.0,0.4185714285714286,1.2716666666666665
ODU,50,0.0,0.45142857142857146,0.0,0.41428571428571426,1.0813333333333333
TDP,50,0.0,0.46571428571428575,0.0,0.36761904761904757,1.543611111111111
TDU,50,0.0,0.44857142857142845,0.0,0.39619047619047615,1.4057539682539681
TRP,49,0.0,1.0,0.006802721088435374,0.4402332361516035,1.360544217687075
TRU,49,0.0,1.0,0.0,0.4314868804664722,1.4489795918367347
