method,seed_state,run,n_pairs,mse,rmse,r2_custom,train_n_rows,train_rank,train_cond
adaptive_bo_gp_ei,51,0,10,0.019542960712385277,0.13979613983363517,-2.84344841611141,10,10,inf
adaptive_bo_gp_ei,51,0,20,0.007906523509999123,0.08891863421127837,-0.5549494116413629,20,14,inf
adaptive_bo_gp_ei,51,0,30,0.008418643830731043,0.09175316796019112,-0.6556663943208683,30,14,inf
adaptive_bo_gp_ei,51,0,40,0.004938865076601692,0.07027705939068375,0.02869000069048977,40,14,inf
adaptive_bo_gp_ei,51,0,50,0.003159358143352329,0.05620816794161084,0.37865964985025424,50,14,inf
adaptive_bo_gp_ei,51,0,60,0.0018686573108049522,0.043227969080272,0.6324974456446264,60,14,inf
