{
  "silhouette_score": 0.37168416380882263,
  "calinski_harabasz_score": 1885.294677734375,
  "davies_bouldin_score": 0.8562553342540946
}