game_id,mean_contribution_rate,mean_payoff,punishment_rate,reward_rate,normalized_efficiency,total_payoff
VALIDATION_14_T,0.5635964912280702,27.964912280701753,0.14035087719298245,0.7631578947368421,0.49780701754385964,3188.0
