game_id,player_id,mean_contribution_rate,mean_payoff,punishment_rate,reward_rate
VALIDATION_19_T,COW,0.0,11.586206896551724,1.0,0.0
VALIDATION_19_T,CROCODILE,0.5,22.137931034482758,0.3793103448275862,0.6206896551724138
VALIDATION_19_T,WALRUS,0.034482758620689655,-10.96551724137931,0.13793103448275862,0.8620689655172413
VALIDATION_19_T,DOG,0.27586206896551724,13.931034482758621,0.9655172413793104,0.6896551724137931
