treatment_name,metric_scope,metric,generated_mean,human_mean,abs_error
CHIP3__GAME_1,game,final_surplus_ratio,0.31481230396217025,0.611695835541549,0.2968835315793788
CHIP3__GAME_1,turn,proposer_net_surplus,0.5181818181818182,1.4652777777777777,0.9470959595959595
CHIP3__GAME_1,turn,trade_ratio,1.1384680134680134,0.9175411522633744,0.220926861204639
CHIP3__GAME_1,turn,acceptance_rate,0.51010101010101,0.5555555555555556,0.045454545454545525
CHIP3__GAME_2_ALT_PROFILE,game,final_surplus_ratio,0.3146080375100548,0.5673695802086812,0.25276154269862644
CHIP3__GAME_2_ALT_PROFILE,turn,proposer_net_surplus,0.4375,1.5671296296296295,1.1296296296296295
CHIP3__GAME_2_ALT_PROFILE,turn,trade_ratio,1.123070987654321,0.9641689714606381,0.15890201619368294
CHIP3__GAME_2_ALT_PROFILE,turn,acceptance_rate,0.5740740740740741,0.4583333333333333,0.11574074074074076
