variant,run_id,n_aligned_rows,n_selected_games,contribution_rate_pred_overall,contribution_rate_actual_overall,contribution_rate_abs_gap_overall,punishment_rate_pred_overall,punishment_rate_actual_overall,punishment_rate_abs_gap_overall,reward_rate_pred_overall,reward_rate_actual_overall,reward_rate_abs_gap_overall,contribution_rate_game_mae,punishment_rate_game_mae,reward_rate_game_mae
no_archetype,9999002_r0_macro_no_archetype,3100,40,0.5658225806451613,0.7651451612903225,0.19932258064516117,0.2829032258064516,0.13419354838709677,0.14870967741935484,0.4638709677419355,0.09419354838709677,0.3696774193548387,0.3322251707785504,0.2426944421556234,0.34077434558619524
retrieved_archetype,9999579_r0_macro_retrieved_archetype,2142,40,0.8802987861811391,0.7262138188608778,0.15408496732026133,0.049019607843137254,0.1638655462184874,0.11484593837535015,0.14098972922502334,0.11904761904761904,0.0219421101774043,0.267716304241278,0.1171614714261773,0.09225326952720996
