variant,run_id,n_pred_rows,n_gt_rows_selected_games,n_aligned_rows,alignment_coverage_vs_gt,contrib_mae,contrib_rmse,contrib_exact_match_rate,punish_any_accuracy,reward_any_accuracy,punish_map_exact_rate,reward_map_exact_rate,contrib_parsed_rate,actions_parsed_rate
no_archetype,9999002_r0_macro_no_archetype,3100,4894,3100,0.63342868818962,8.381290322580645,11.183455522304135,0.31806451612903225,0.7067741935483871,0.6212903225806452,0.6448387096774194,0.5316129032258065,0.9974193548387097,0.8196774193548387
retrieved_archetype,9999579_r0_macro_retrieved_archetype,2142,4894,2142,0.4376787903555374,5.981792717086835,10.02361823406769,0.5602240896358543,0.8095238095238095,0.8165266106442577,0.7983193277310925,0.7782446311858077,0.9971988795518207,0.9253034547152195
no_archetype__shared_rows_only,9999002_r0_macro_no_archetype,2142,4894,2142,0.4376787903555374,7.724089635854342,11.049523524631363,0.39775910364145656,0.7376283846872083,0.611577964519141,0.6549953314659197,0.49533146591970123,0.9985994397759104,0.9253034547152195
retrieved_archetype__shared_rows_only,9999579_r0_macro_retrieved_archetype,2142,4894,2142,0.4376787903555374,5.981792717086835,10.02361823406769,0.5602240896358543,0.8095238095238095,0.8165266106442577,0.7983193277310925,0.7782446311858077,0.9971988795518207,0.9253034547152195
