variant,run_id,n_games_compared,avg_contribution_rate_pred,avg_contribution_rate_actual,avg_punishment_rate_pred,avg_punishment_rate_actual,avg_reward_rate_pred,avg_reward_rate_actual,avg_mean_payoff_pred,avg_mean_payoff_actual,avg_normalized_efficiency_pred,avg_normalized_efficiency_actual,mae_contribution_rate,mae_punishment_rate,mae_reward_rate,mae_mean_payoff,mae_normalized_efficiency
no_archetype,9999002_r0_macro_no_archetype,26,0.5719820984002445,0.7174145494398508,0.23383629360945385,0.1306237370895623,0.43680824701495674,0.10187037264984806,36.45270524483648,57.007154638787355,0.45954242169577325,0.6506044816734682,0.33384118297148563,0.2436582219655571,0.34070710513433944,29.778983575859634,0.5623048048413577
retrieved_archetype,9999579_r0_macro_retrieved_archetype,17,0.8662973150193579,0.6695287231963806,0.0597098956541681,0.13939860019581382,0.13183367783026156,0.0951505175883312,59.40958833181931,53.895183046773425,0.7130610845896779,0.5945505263430628,0.267716304241278,0.1171614714261773,0.09225326952720996,19.329190049526378,0.3860888664962666
