variant,n_games_compared,avg_contribution_rate_pred,avg_contribution_rate_actual,avg_punishment_rate_pred,avg_punishment_rate_actual,avg_reward_rate_pred,avg_reward_rate_actual,avg_mean_payoff_pred,avg_mean_payoff_actual,avg_normalized_efficiency_pred,avg_normalized_efficiency_actual,mae_contribution_rate,mae_punishment_rate,mae_reward_rate,mae_mean_payoff,mae_normalized_efficiency
no_archetype__shared_games_only,17,0.5455735682673336,0.6695287231963805,0.23501087119508168,0.13939860019581382,0.3975465201204499,0.09515051758833118,35.862891959651996,53.895183046773425,0.3628989427335759,0.5945505263430628,0.3245746721133776,0.22273645400580383,0.30239600253211874,26.966732721077136,0.48789019573523795
retrieved_archetype__shared_games_only,17,0.8662973150193579,0.6695287231963805,0.05970989565416809,0.13939860019581382,0.13183367783026156,0.09515051758833118,59.40958833181931,53.895183046773425,0.713061084589678,0.5945505263430628,0.267716304241278,0.11716147142617729,0.09225326952720996,19.329190049526378,0.3860888664962666
