comparison,n,mae,median_abs_err,max_abs_err,corr
itt_efficiency vs raw_mean_contribution_rate,249,0.1145035941528072,0.08958333333333313,0.5091145833333334,0.7533986549517377
itt_efficiency vs calc_mean_contribution_rate,249,0.1145035941528072,0.08958333333333313,0.5091145833333334,0.7533986549517377
itt_relative_efficiency vs raw_relative_eff_actual,249,0.14023591945631575,0.10410357573008922,0.8666486112991878,0.9373254474223611
itt_relative_efficiency vs raw_relative_eff_cfg,249,0.14028951010288115,0.10410357573008922,0.8666486112991878,0.933577107703995
calc_normalized_efficiency_analysis_robin vs raw_normalized_eff_cfg,249,0.005483750525403568,0.002083333333333326,0.358058608058608,0.995969267949598
calc_normalized_efficiency_analysis_robin vs raw_normalized_eff_actual,249,0.005906647596530987,0.002083333333333326,0.358058608058608,0.99555768937676
itt_relative_efficiency vs calc_normalized_efficiency_analysis_robin,249,0.005925259821541168,0.002086284691478868,0.3580584327390506,0.9955491355467998
