comparison,n,mae,median_abs_err,max_abs_err,corr
itt_efficiency vs df_contrib_rate,249,1.6162885398659408e-17,0.0,1.1102230246251565e-16,1.0
itt_efficiency vs raw_mean_contrib_rate,249,0.11250242641488072,0.08854166666666663,0.5091145833333334,0.7604862396016557
itt_efficiency vs raw_relative_eff_actual,249,0.0005878846500453812,0.0,0.1427177177177178,0.9979157766939318
itt_relative_efficiency vs raw_normalized_eff_actual,249,0.0008058687376282174,1.2734359445820687e-06,0.19557673944333076,0.9988857597784324
itt_relative_efficiency vs calc_normalized_efficiency_analysis_robin,249,0.0008058687376282174,1.2734359445820687e-06,0.19557673944333076,0.9988857597784324
calc_normalized_efficiency_analysis_robin vs raw_normalized_eff_cfg,249,0.00015189692213577233,0.0,0.03782233361180731,0.9999583515763095
