CONFIG_configId,CONFIG_playerCount,CONFIG_numRounds,CONFIG_showNRounds,CONFIG_endowment,CONFIG_multiplier,CONFIG_allOrNothing,CONFIG_chat,CONFIG_defaultContribProp,CONFIG_punishmentCost,CONFIG_punishmentMagnitude,CONFIG_rewardExists,CONFIG_rewardCost,CONFIG_rewardMagnitude,CONFIG_showOtherSummaries,CONFIG_showPunishmentId,CONFIG_showRewardId,CONFIG_contributionDuration,CONFIG_outcomeDuration,CONFIG_summaryDuration,CONFIG_basePay,CONFIG_conversionRate,CONFIG_punishmentTech,CONFIG_MPCR,CONFIG_scaledPunishmentCost,CONFIG_rewardTech,treatment_itt_efficiency,treatment_itt_relative_efficiency,control_itt_efficiency,control_itt_relative_efficiency,treatment_effect,positive_treatment_effect,ols_prereg_pred,rf_prereg_pred,xgb_prereg_pred,mlp_prereg_pred,elastic_prereg_pred
3,10,23,True,20,6.3,True,True,0,4,15.0,False,4,4.0,False,False,False,45,45,45,2.3,300,3.75,0.63,0.2,1.0,0.7197215598925881,0.6668389825968606,0.8191089640365004,0.7849786718310783,-0.0993874041439122,0,,,,,
4,8,8,True,20,4.7,False,False,0,4,11.0,True,4,3.0,True,True,True,45,45,45,0.8,300,2.75,0.59,0.2,0.75,0.6898271276595744,0.6059974535526741,0.7218251329787234,0.646643482593998,-0.0319980053191489,0,,,,,
7,5,21,False,20,1.8,True,False,0,3,11.0,True,3,3.0,False,True,True,45,45,45,2.1,300,3.67,0.36,0.15,1.0,0.8925925925925926,0.7583347718168344,0.7605820105820106,0.4613127302813674,0.132010582010582,1,,,,,
12,6,12,False,20,3.7,True,True,0,2,5.0,False,2,3.0,True,True,True,45,45,45,1.2,300,2.5,0.62,0.1,1.5,0.8724716515400478,0.8252393996108482,0.8166579025720817,0.7487540827375337,0.055813748967966,1,0.8720266278920181,0.8466906896717612,0.83281946,0.8989748,0.8635964645648944
9,15,9,False,20,3.7,False,False,0,4,7.0,True,4,5.0,True,False,False,45,45,45,0.9,300,1.75,0.25,0.2,1.25,0.689237296967905,0.574140626095332,0.7649633447089034,0.6779132060778648,-0.0757260477409983,0,0.7172927322921709,0.7185221513345446,0.71457326,0.68746513,0.7230421943614221
17,19,10,False,20,11.5,True,False,1,2,3.0,False,2,3.0,True,False,False,45,45,45,1.0,300,1.5,0.61,0.1,1.5,0.6835266758008814,0.6533864541533672,0.6534935405797012,0.620493028383016,0.0300331352211802,1,0.723361728401368,0.7402998746551277,0.72696215,0.7005852,0.7595657500491164
