method,seed_state,run,n_pairs,mse,rmse,r2_custom,train_n_rows,train_rank,train_cond
adaptive_llm_rerank_gp_ei,47,0,10,0.04551290752259962,0.2133375436312128,-7.950870592473819,10,10,inf
adaptive_llm_rerank_gp_ei,47,0,20,0.0045336436205628125,0.06733233710902074,0.1083835428465646,20,14,inf
adaptive_llm_rerank_gp_ei,47,0,30,0.006203688320598714,0.07876349611716531,-0.2200585367161496,30,14,inf
adaptive_llm_rerank_gp_ei,47,0,40,0.0041122261072810435,0.06412664116637518,0.19126230915948805,40,14,inf
adaptive_llm_rerank_gp_ei,47,0,50,0.004198831711550751,0.06479839281610889,0.17422987597520467,50,14,inf
adaptive_llm_rerank_gp_ei,47,0,60,0.0033460202026134762,0.057844794083940484,0.341949449867061,60,14,inf
