method,seed_state,n_pairs,rmse_mean,rmse_p10,rmse_p90,r2_mean,r2_p10,r2_p90,train_rank_min,train_cond_median
random_addition,47,10,0.2133375436312128,0.2133375436312128,0.2133375436312128,-7.950870592473819,-7.950870592473819,-7.950870592473819,10,inf
random_addition,47,20,0.10770309898667461,0.07874132114239835,0.14458821289858928,-1.4206454744222288,-3.111463863641222,-0.2193733043817474,14,inf
random_addition,47,30,0.08935894855637669,0.06317679810227433,0.11735446206987524,-0.6595579814974323,-1.7085067353150896,0.21504167918154848,14,inf
random_addition,47,40,0.07995686341253289,0.058734200330135544,0.10391178990237492,-0.3174137663160723,-1.1235403924584735,0.32155669361962397,14,inf
random_addition,47,50,0.07355486245792507,0.05469270576936294,0.09254393174387884,-0.10863965500125432,-0.6843277395242118,0.41171119841253606,14,inf
random_addition,47,60,0.0691524006673229,0.0531657276987413,0.08339738553644072,0.026845342363239908,-0.36784097852568115,0.44410254067629357,14,inf
