method,seed_state,n_pairs,rmse_mean,rmse_p10,rmse_p90,r2_mean,r2_p10,r2_p90,train_rank_min,train_cond_median
random_addition,51,10,0.13979613983363517,0.13979613983363517,0.13979613983363517,-2.84344841611141,-2.84344841611141,-2.84344841611141,10,inf
random_addition,51,20,0.10900621214568539,0.07807833968778728,0.14117992152078737,-1.4824976264525516,-2.919928704046435,-0.19892468156480073,14,inf
random_addition,51,30,0.09037662560423587,0.06611390126006236,0.11386577143187945,-0.6790663831303927,-1.5498694168142664,0.1403590794078145,14,inf
random_addition,51,40,0.07770914764254251,0.05770909002195043,0.10019217660021065,-0.23786054000696719,-0.9742384949539629,0.3450329221316072,14,inf
random_addition,51,50,0.07009490297716411,0.05248752624299182,0.08614508933282108,-0.0024909192142041825,-0.4594587222004528,0.45819507607000554,14,inf
random_addition,51,60,0.06544252092138497,0.05237836703664066,0.08307966291461909,0.13230921939618803,-0.3574477731989361,0.460446200156243,14,inf
