factor,mode,threshold,n_total,n_high,n_low,human_delta,human_sign,abs_delta_error__linear_config,abs_delta_error__no_archetype,abs_delta_error__oracle_archetype,abs_delta_error__retrieved_archetype,model_delta__linear_config,model_delta__no_archetype,model_delta__oracle_archetype,model_delta__retrieved_archetype,model_sign__linear_config,model_sign__no_archetype,model_sign__oracle_archetype,model_sign__retrieved_archetype,sign_match__linear_config,sign_match__no_archetype,sign_match__oracle_archetype,sign_match__retrieved_archetype
CONFIG_MPCR,median,0.52,22,11,11,-0.0340379841321059,-1,0.1202345689152311,0.6196413360386863,0.33755663232718414,0.30703561218789854,0.0861965847831252,0.5856033519065804,0.30351864819507823,0.27299762805579264,1,1,1,1,False,False,False,False
CONFIG_numRounds,median,15.0,22,11,11,0.13480222654471685,1,0.051983752585860854,0.029477337222507546,0.3649041822554121,0.02156917950985293,0.082818473958856,0.1053248893222093,0.49970640880012895,0.11323304703486392,1,1,1,1,True,True,True,True
CONFIG_playerCount,median,6.0,19,11,8,0.24168670906992645,1,0.158378367040032,0.10625345895499944,0.09866842552546251,0.3666978963058252,0.08330834202989446,0.3479401680249259,0.34035513459538896,-0.12501118723589877,1,1,1,-1,True,True,True,False
