model,n_factors,sign_match_rate_all,sign_match_rate_nonzero_human,mean_abs_delta_error
linear_config,11,0.6363636363636364,0.6363636363636364,0.09341694763042972
oracle_archetype,11,0.6363636363636364,0.6363636363636364,0.2418786019181656
no_archetype,11,0.45454545454545453,0.45454545454545453,0.3186502202824108
retrieved_archetype,11,0.2727272727272727,0.2727272727272727,0.26172261463704466
