variant,scope,n_games,rmse_contrib_rate,rmse_normalized_efficiency,rmse_punishment_rate,rmse_reward_rate,mean_sim_het_contrib_rate,mean_human_het_contrib_rate,mean_sim_het_punishment_rate,mean_human_het_punishment_rate,rmse_het_contrib_rate,rmse_het_punishment_rate
no_archetype,all_available_games,28,0.3773580208511554,0.9098959562924587,0.3565072577803217,0.49266595647286404,0.09843333022353624,0.16358075005988088,0.05268946809983884,0.0900668228932467,0.14489112525486153,0.13202645303614596
retrieved_archetype,all_available_games,23,0.3092340209128367,0.5159551543659551,0.19009979280743977,0.18169167587162235,0.06373673580509744,0.1666290834183439,0.03343325128600543,0.10002651728051068,0.1575364627143957,0.11885846454559
no_archetype,shared_games,23,0.39660352253926406,0.8667743041552163,0.3457534146241979,0.49033846460765607,0.10305935429778297,0.1666290834183439,0.05194014091392873,0.10002651728051068,0.14816013911578713,0.14512004750699375
retrieved_archetype,shared_games,23,0.3092340209128367,0.5159551543659551,0.19009979280743977,0.18169167587162235,0.06373673580509744,0.1666290834183439,0.03343325128600543,0.10002651728051068,0.1575364627143957,0.11885846454559
