metric,no_archetype,retrieved_archetype,retrieved_higher_std,retrieved_minus_no
mean_contrib_rate,0.3268471477757676,0.18242626594987452,False,-0.1444208818258931
normalized_efficiency,0.6976930546125857,0.44031919179770024,False,-0.25737386281488545
punishment_rate,0.34755539073318736,0.11321251139537397,False,-0.2343428793378134
reward_rate,0.4662608839007033,0.20480838402575363,False,-0.2614524998749497
