gameId,human_mean_contrib_rate,human_punishment_rate,human_reward_rate,human_normalized_efficiency,human_var_players_contrib_rate,human_var_players_punishment_rate,human_var_players_reward_rate,sim_mean_contrib_rate,sim_punishment_rate,sim_reward_rate,sim_normalized_efficiency,sim_var_players_contrib_rate,sim_var_players_punishment_rate,sim_var_players_reward_rate,variant,scope
2KKC9nMd8nRXfgH5G,0.45948275862068966,0.0,0.1896551724137931,0.4558189655172414,0.004837247324613556,0.0,0.030023781212841855,0.21034482758620687,0.0,0.9655172413793104,-0.5202586206896551,0.022288941736028547,0.0,0.0035671819262782425,no_archetype,all_available
52QdMhd96PFYubPFc,0.6083333333333333,0.4444444444444444,0.0,0.11728395061728394,0.08393518518518517,0.043209876543209874,0.0,0.25,0.0,0.0,0.25,0.0,0.0,0.0,no_archetype,all_available
2KKC9nMd8nRXfgH5G,0.45948275862068966,0.0,0.1896551724137931,0.4558189655172414,0.004837247324613556,0.0,0.030023781212841855,0.5663793103448276,0.0,0.5775862068965517,0.015193965517241281,0.04922488109393579,0.0,0.15896254458977407,retrieved_archetype,all_available
52QdMhd96PFYubPFc,0.6083333333333333,0.4444444444444444,0.0,0.11728395061728394,0.08393518518518517,0.043209876543209874,0.0,0.9138888888888889,0.3333333333333333,0.0,0.7410493827160495,0.007885802469135802,0.05555555555555555,0.0,retrieved_archetype,all_available
2KKC9nMd8nRXfgH5G,0.45948275862068966,0.0,0.1896551724137931,0.4558189655172414,0.004837247324613556,0.0,0.030023781212841855,0.4396551724137931,0.0,0.5344827586206896,-0.043642241379310345,0.00954964328180737,0.0,0.14595719381688466,oracle_archetype,all_available
52QdMhd96PFYubPFc,0.6083333333333333,0.4444444444444444,0.0,0.11728395061728394,0.08393518518518517,0.043209876543209874,0.0,0.5833333333333334,0.6666666666666666,0.0,-0.8657407407407407,0.09722222222222222,0.22222222222222224,0.0,oracle_archetype,all_available
