variant,run_id,n_shared_games,rmse_contrib_rate,rmse_normalized_efficiency,rmse_punishment_rate,rmse_reward_rate
no_archetype,9999002_r0_macro_no_archetype,8,0.2486255113088589,0.4046445653299021,0.20897715870775024,0.4100785623164994
retrieved_archetype,9999579_r0_macro_retrieved_archetype,8,0.3062735322361456,0.42066552364706045,0.15941472769457932,0.14480985075465022
oracle_archetype,10034953_r0_macro_oracle_archetype,8,0.17269931606883812,0.4151778398225248,0.2458956522072012,0.16616587141452716
