variant,run_id,n_shared_games,rmse_contrib_rate,rmse_normalized_efficiency,rmse_punishment_rate,rmse_reward_rate,mean_var_players_contrib_rate_sim,mean_var_players_contrib_rate_human,mean_var_players_punishment_rate_sim,mean_var_players_punishment_rate_human,mean_var_players_reward_rate_sim,mean_var_players_reward_rate_human,var_across_games_contrib_rate_sim,var_across_games_contrib_rate_human,var_across_games_punishment_rate_sim,var_across_games_punishment_rate_human,var_across_games_reward_rate_sim,var_across_games_reward_rate_human,var_across_games_normalized_efficiency_sim,var_across_games_normalized_efficiency_human
no_archetype,9999002_r0_macro_no_archetype,23,0.39660352253926406,0.8667769848513698,0.3457534146241979,0.490338464607656,0.024895355889525923,0.04287247365134603,0.01669434507982343,0.025934976257754774,0.008759283901635736,0.022507027684333075,0.11168492428229783,0.04021202943903555,0.12628542006532117,0.03143694790993078,0.22728099421294987,0.02160663786279088,0.5089017620207605,0.0565847746219404
oracle_archetype,10034953_r0_macro_oracle_archetype,23,0.1562234896880676,0.5470229465467504,0.23842326278216516,0.21202142332626797,0.05571984744365987,0.04287247365134603,0.043406717695724684,0.025934976257754774,0.0796621055252325,0.022507027684333075,0.059649304783376995,0.04021202943903555,0.11614628521322183,0.03143694790993078,0.08225329304813231,0.02160663786279088,0.3372672190297018,0.0565847746219404
retrieved_archetype,9999579_r0_macro_retrieved_archetype,23,0.3092340209128367,0.5159506008344461,0.19009979280743977,0.18169167587162238,0.015380749572882694,0.04287247365134603,0.007822022010205331,0.025934976257754774,0.04150459068116983,0.022507027684333075,0.03479203989516047,0.04021202943903555,0.013399666951740762,0.03143694790993078,0.04385313208393333,0.02160663786279088,0.20269376296835173,0.0565847746219404
