variant,scope,group,n_games,rmse_contribution_rate,rmse_normalized_efficiency,rmse_punishment_rate,rmse_reward_rate
no_archetype,all_available,all,28,0.3773580208511554,0.9098976262626429,0.3565072577803218,0.49266595647286404
no_archetype,all_available,any_mechanism,22,0.33719732250051293,0.9907280586833472,0.4021944292255389,0.5558021578471072
no_archetype,all_available,no_mechanism,6,0.4976158777253629,0.5144021497525961,0.0,0.0
oracle_archetype,all_available,all,24,0.15300843213248091,0.5809316835186069,0.23343342308538081,0.20761462699898212
oracle_archetype,all_available,any_mechanism,19,0.13976539667918178,0.6450554777630738,0.26235651841285723,0.23333869670888682
oracle_archetype,all_available,no_mechanism,5,0.1953074351981863,0.19683703082881046,0.0,0.0
retrieved_archetype,all_available,all,23,0.3092340209128367,0.5159506008344461,0.19009979280743977,0.18169167587162238
retrieved_archetype,all_available,any_mechanism,18,0.24152757697403116,0.517077177747798,0.21488658742396666,0.2053821501580637
retrieved_archetype,all_available,no_mechanism,5,0.47944767492754375,0.5118743943733648,0.0,0.0
