variant,scope,group,n_games,rmse_contribution_rate,rmse_normalized_efficiency,rmse_punishment_rate,rmse_reward_rate
no_archetype,shared_all_variants,all,23,0.39660352253926406,0.8667769848513698,0.3457534146241979,0.490338464607656
no_archetype,shared_all_variants,any_mechanism,18,0.3443009733590268,0.9373365485854648,0.39083562512894005,0.554272878398019
no_archetype,shared_all_variants,no_mechanism,5,0.5447923016113919,0.5413238140172166,0.0,0.0
oracle_archetype,shared_all_variants,all,23,0.1562234896880676,0.5470229465467504,0.23842326278216516,0.21202142332626797
oracle_archetype,shared_all_variants,any_mechanism,18,0.14348982534173704,0.6095836607241014,0.2695108739736723,0.2396665427484404
oracle_archetype,shared_all_variants,no_mechanism,5,0.1953074351981863,0.19683703082881046,0.0,0.0
retrieved_archetype,shared_all_variants,all,23,0.3092340209128367,0.5159506008344461,0.19009979280743977,0.18169167587162238
retrieved_archetype,shared_all_variants,any_mechanism,18,0.24152757697403116,0.517077177747798,0.21488658742396666,0.2053821501580637
retrieved_archetype,shared_all_variants,no_mechanism,5,0.47944767492754375,0.5118743943733648,0.0,0.0
