n_rows,llm_transition_accuracy,baseline_transition_accuracy,actual_change_rate,run,axis
1900,0.8105263157894737,0.9094736842105263,0.09052631578947369,no_archetype,punish
3638,0.8848268279274326,0.897196261682243,0.102803738317757,oracle_archetype,punish
3848,0.8035343035343036,0.8916320166320166,0.10836798336798337,random_archetype,punish
3872,0.8398760330578512,0.8912706611570248,0.10872933884297521,retrieved_archetype,punish
1900,0.5778947368421052,0.8857894736842106,0.11421052631578947,no_archetype,reward
3638,0.8243540406816933,0.8982957669048928,0.1017042330951072,oracle_archetype,reward
3848,0.7422037422037422,0.8996881496881497,0.10031185031185032,random_archetype,reward
3872,0.8101756198347108,0.8995351239669421,0.10046487603305786,retrieved_archetype,reward
