run_id,run_label,n_rows,predicted_contribution_parsed,contrib_mae,contrib_rmse,contrib_bias,contrib_corr,action_exact_match,target_set_exact,target_precision,target_recall,target_f1,target_jaccard,target_hit_any,unit_mae_on_overlap,unit_exact_on_overlap_rate,actual_any_action_rate,pred_any_action_rate,actual_any_punish_rate,pred_any_punish_rate,actual_any_reward_rate,pred_any_reward_rate,input_csv,pre_filter_rows,post_filter_rows,malformed_dict_rows
260310_val40_dedup_algorithmic_latent_family,algorithmic_latent_family,4666,1.0,6.228461208744107,10.430592348997463,-4.050578654093442,0.38733545734867236,0.3831975996570939,0.3844834976425204,0.42778016680181274,0.4487965194780454,0.4280154536634786,0.4149275790885306,0.4787826832404629,0.2683217801888688,0.878654309825196,0.19352764680668666,0.6015859408486927,0.06708101157308187,0.28139734247749676,0.13137591084440634,0.4335619374196314,/Users/robinna/Documents/projects/MultiAgent_LLM/PGG-finetuning/benchmark_statistical/micro/runs/260310_val40_dedup_algorithmic_latent_family/micro_behavior_eval.csv,4666,4666,0
260310_val40_dedup_archetype_cluster,archetype_cluster,4609,1.0,7.8771967888912995,11.64878005656595,-2.919939249294858,0.024802681966474928,0.6897374701670644,0.6914732045996963,0.6972386223742266,0.6973481130619339,0.6958247177488942,0.6944500980083536,0.701887611195487,1.038011695906433,0.6052631578947368,0.19592102408331524,0.14818832718594055,0.07094814493382512,0.06812757648079844,0.12996311564330656,0.08613582121935344,/Users/robinna/Documents/projects/MultiAgent_LLM/PGG-finetuning/benchmark_statistical/micro/runs/260310_val40_dedup_archetype_cluster/micro_behavior_eval.csv,4609,4609,0
260309_val40_dedup_random_baseline,random_baseline,4609,1.0,9.362768496420047,12.307436273769293,-5.868301149924061,-0.007617635186208144,0.7324799305706227,0.7324799305706227,0.7358429160338468,0.7335918854415274,0.7340515514956825,0.7335557243075143,0.7359513994358863,0.13043478260869565,0.9130434782608695,0.19592102408331524,0.09676719461922326,0.07094814493382512,0.04838359730961163,0.12996311564330656,0.05142113256671729,/Users/robinna/Documents/projects/MultiAgent_LLM/PGG-finetuning/benchmark_statistical/micro/runs/260309_val40_dedup_random_baseline/micro_behavior_eval.csv,4609,4609,0
