metric,rmse,mae,r2,n_pairs
mean_contribution_rate,nan,nan,nan,40
mean_payoff,nan,nan,nan,40
punishment_rate,0.4735622576142938,0.3430600527399725,-24.581090717984438,40
reward_rate,0.547734319956062,0.3911921407546793,-18.17288504728738,40
normalized_efficiency,nan,nan,nan,40
