game_id,round_index,mean_contribution_rate,mean_payoff,punishment_rate,reward_rate
VALIDATION_8_T,1,0.44166666666666665,20.266666666666666,0.6666666666666666,0.16666666666666666
VALIDATION_8_T,2,0.625,21.833333333333332,0.6666666666666666,0.5
