wave,n_games,mean_cluster_mae,avg_l1_distance,mean_js_divergence,mean_cluster_correlation,mae_cluster_1,corr_cluster_1,mae_cluster_2,corr_cluster_2,mae_cluster_3,corr_cluster_3,mae_cluster_4,corr_cluster_4,mae_cluster_5,corr_cluster_5,mae_cluster_6,corr_cluster_6
learn,366,0.1369298499557481,0.8215790997344891,0.1618759208101366,0.6514514759745643,0.1712390837594806,0.8952491829042611,0.140257915755841,0.3071117958171543,0.1309451945826217,0.7608861053692758,0.140950521167465,0.774931440248511,0.071760800992717,0.2132415513854905,0.1664255834763636,0.9572887801226933
val,470,0.14374233059098745,0.8624539835459247,0.17565670654130752,0.5622075459739689,0.13988366053892945,0.8550232022995925,0.19241864107231144,0.15678516228382663,0.147874757609937,0.569882844999265,0.16725339618135282,0.6627704396766912,0.07963997078492735,0.2026658421618724,0.1353835573584666,0.9261177844225656
