wave,n_games,mean_cluster_mae,avg_l1_distance,mean_js_divergence,mean_cluster_correlation,mae_cluster_1,corr_cluster_1,mae_cluster_2,corr_cluster_2,mae_cluster_3,corr_cluster_3,mae_cluster_4,corr_cluster_4,mae_cluster_5,corr_cluster_5,mae_cluster_6,corr_cluster_6
learn,366,0.13692984995574817,0.8215790997344891,0.16187592081013666,0.6514514759745643,0.17123908375948063,0.8952491829042611,0.14025791575584107,0.3071117958171543,0.1309451945826217,0.7608861053692758,0.140950521167465,0.774931440248511,0.071760800992717,0.21324155138549056,0.16642558347636363,0.9572887801226933
