metric_family,metric,distance_kind,bootstrap_mean,bootstrap_median,bootstrap_p05,bootstrap_p95,n_treatments,model_score,median_value
distribution_distance,final_surplus_ratio,wasserstein_1d,0.08507726565836503,0.08138340756827414,0.059668260310503825,0.11941894550723867,6,0.15529572309579118,0.14985415126344653
distribution_distance,proposer_net_surplus,wasserstein_1d,0.21117148081052065,0.2101365405260333,0.1511951489533011,0.27219588701019864,6,1.071447262479871,1.0536433172302735
distribution_distance,trade_ratio,wasserstein_1d,0.06752543436447556,0.06684140736517123,0.053141228355718766,0.08445078458205857,6,0.21884428584174606,0.21447189501990221
distribution_distance,acceptance_rate,wasserstein_1d,0.04339959071390231,0.04366277509393453,0.019452831454643053,0.06773852657004831,6,0.3620169082125604,0.35648148148148145
