{
  "silhouette_score": 0.3803881108760834,
  "calinski_harabasz_score": 1642.7962646484375,
  "davies_bouldin_score": 0.8019534789275599
}