metric_family,metric,distance_kind,bootstrap_mean,bootstrap_median,bootstrap_p05,bootstrap_p95,n_treatments,model_score,median_value
distribution_distance,final_surplus_ratio,wasserstein_1d,0.08819542441560146,0.08521757326091614,0.06293335942112545,0.12081889289318556,6,0.30317978729689715,0.3190106230083728
distribution_distance,proposer_net_surplus,wasserstein_1d,0.21945824875160624,0.21743936808852266,0.15873447480905212,0.27934023885624126,6,1.0694868805376052,1.1010852573352574
distribution_distance,trade_ratio,wasserstein_1d,0.0703655772460757,0.06945841169101546,0.056033891796341016,0.08668731275661827,6,0.4198202482106231,0.43069558957994947
distribution_distance,acceptance_rate,wasserstein_1d,0.04472316563379366,0.0437686474824156,0.023535542333851505,0.07138439112774861,6,0.09267543156432045,0.09104938271604934
