method,n_pairs,rmse,r2_custom
random_addition_mean,10,0.0981251659851682,-0.8936142210947935
adaptive_bo_gp_ei,10,0.0981251659851682,-0.8936142210947935
full_data_anchor,10,0.05176918370958047,0.47292389007342817
