{
  "n_matches": 40,
  "n_unique_most_aligned_players": 4,
  "top_player": "SLOTH",
  "top_player_share": 0.525,
  "entropy": 1.208256883085517,
  "effective_n": 3.3476442284785213
}