metric,num_treatments,mae,rmse,spearman
mean_round_normalized_efficiency,40,0.15413166353275182,0.19491972518145476,0.017260787992495315
mean_total_contribution_rate,40,0.12017856795062673,0.15403923026933572,0.15872420262664166
