gameId,n_rows,predicted_contribution_parsed,contrib_mae,contrib_rmse,contrib_bias,contrib_corr,action_exact_match,target_set_exact,target_precision,target_recall,target_f1,target_jaccard,target_hit_any,unit_mae_on_overlap,unit_exact_on_overlap_rate,actual_any_action_rate,pred_any_action_rate,actual_any_punish_rate,pred_any_punish_rate,actual_any_reward_rate,pred_any_reward_rate
24hqfcDGXxLrMr7JY,54,1.0,2.962962962962963,7.69800358919501,0.0,0.1183673469387757,0.14814814814814814,0.2037037037037037,0.26851851851851855,0.2638888888888889,0.25925925925925924,0.24444444444444444,0.2962962962962963,2.0,0.3333333333333333,0.3333333333333333,0.8148148148148148,0.3333333333333333,0.8148148148148148,0.0,0.0
2KKC9nMd8nRXfgH5G,44,1.0,7.636363636363637,9.765430679884854,-0.09090909090909091,0.09652119304138633,0.09090909090909091,0.13636363636363635,0.2462121212121212,0.2196969696969697,0.2159090909090909,0.19318181818181818,0.2727272727272727,0.625,0.375,0.3181818181818182,0.9090909090909091,0.0,0.0,0.3181818181818182,0.9090909090909091
