n_rows,predicted_contribution_parsed,contrib_mae,contrib_rmse,contrib_bias,contrib_corr,action_exact_match,target_set_exact,target_precision,target_recall,target_f1,target_jaccard,target_hit_any,unit_mae_on_overlap,unit_exact_on_overlap_rate,actual_any_action_rate,pred_any_action_rate,actual_any_punish_rate,pred_any_punish_rate,actual_any_reward_rate,pred_any_reward_rate
4590,0.9980392156862745,3.869281045751634,7.9024002861930756,1.1616557734204793,0.4312006553270954,0.6226579520697167,0.6342047930283224,0.6826860497285334,0.6858916821498521,0.6782521137568219,0.6671965767227205,0.7100217864923747,0.8822402380518614,0.691841258274124,0.22962962962962963,0.32788671023965144,0.09956427015250545,0.12091503267973856,0.13616557734204793,0.2167755991285403
