game_id,round_index,mean_contribution_rate,mean_payoff,punishment_rate,reward_rate
VALIDATION_10_T,1,0.3333333333333333,20.666666666666668,0.3333333333333333,0.0
VALIDATION_10_T,2,0.45,-9.233333333333334,1.0,0.0
VALIDATION_10_T,3,0.5,-40.333333333333336,1.0,0.0
VALIDATION_10_T,4,0.3333333333333333,-70.0,1.0,0.0
VALIDATION_10_T,5,0.3333333333333333,-80.66666666666667,1.0,0.0
VALIDATION_10_T,6,0.3333333333333333,-80.66666666666667,1.0,0.0
