{
  "silhouette_score": 0.39154675602912903,
  "calinski_harabasz_score": 1982.672119140625,
  "davies_bouldin_score": 0.8607853524942618
}