method,seed_state,n_pairs,rmse_mean,rmse_p10,rmse_p90,r2_mean,r2_p10,r2_p90,train_rank_min,train_cond_median
random_addition,42,10,0.09812516598516821,0.0981251659851682,0.0981251659851682,-0.8936142210947935,-0.8936142210947935,-0.8936142210947935,10,inf
random_addition,42,20,0.09164307714005701,0.0652752528428773,0.12238390259708974,-0.7666197248506847,-1.9456409295873345,0.1620311788378766,14,inf
random_addition,42,30,0.08113573621720799,0.057660486907615015,0.11060889409255881,-0.380070396054904,-1.4060929965508948,0.3461352183043151,14,inf
random_addition,42,40,0.07454933529048528,0.05396439735278849,0.09969005851742367,-0.15363449015822048,-0.9545446885044916,0.42727495883571226,14,inf
random_addition,42,50,0.07000585427260218,0.053041610867619514,0.08994745764887724,-0.0023989099688085723,-0.5911700242654192,0.4466685361032231,14,inf
random_addition,42,60,0.06639633773525797,0.05320243224526369,0.08308284740193625,0.10345091746851588,-0.357543217592158,0.44333526476644164,14,inf
