metric_family,metric,distance_kind,bootstrap_mean,bootstrap_median,bootstrap_p05,bootstrap_p95,n_treatments,model_score,median_value
distribution_distance,final_surplus_ratio,wasserstein_1d,0.08573799766178934,0.07886331503466365,0.05034397696507474,0.13792019164614008,2,0.2748225371390026,0.2748225371390026
distribution_distance,proposer_net_surplus,wasserstein_1d,0.2515439814814815,0.2422664141414141,0.15528829966329957,0.37067445286195255,2,1.0888257575757576,1.0888257575757576
distribution_distance,trade_ratio,wasserstein_1d,0.06190521242517771,0.059536460838544185,0.03826698699962587,0.09561340504916893,2,0.200048183555128,0.200048183555128
distribution_distance,acceptance_rate,wasserstein_1d,0.04569234006734007,0.04135101010101014,0.010290404040404029,0.09771675084175079,2,0.08059764309764308,0.08059764309764308
