{
  "n_matches": 1279,
  "n_unique_most_aligned_players": 17,
  "top_player": "SLOTH",
  "top_player_share": 0.3565285379202502,
  "entropy": 2.087068520579228,
  "effective_n": 8.061249107110026
}