{
  "matched_behavior": {
    "total_weight": 1278.9999999999936,
    "mean_contribution": 16.611474186966905,
    "mean_contribution_rate": 0.8305737093483472,
    "first_contribution": 15.542118842846056,
    "first_contribution_rate": 0.7771059421423016,
    "final_contribution": 16.8206176700548,
    "final_contribution_rate": 0.8410308835027398,
    "contribution_sd": 3.4736313780741925,
    "zero_contribution_rate": 0.09484230155159007,
    "full_contribution_rate": 0.7264559031865457,
    "contribution_slope": 0.048635424375664295,
    "message_count": 2.5100312744331577,
    "messages_per_round": 0.17907185713723114,
    "rounds_with_message_rate": 0.12789401438838183,
    "reward_given_units": 8.497451133698245,
    "reward_given_events": 7.2699765441751785,
    "reward_given_round_rate": 0.16529875331909266,
    "reward_received_units": 6.754308053166576,
    "reward_received_events": 5.019984362783452,
    "reward_received_round_rate": 0.2284274746754892,
    "punish_given_units": 7.2091086786552285,
    "punish_given_events": 2.2600312744331648,
    "punish_given_round_rate": 0.09334867042692759,
    "punish_received_units": 3.18716966379986,
    "punish_received_events": 1.187654417513686,
    "punish_received_round_rate": 0.05607112396170791
  },
  "candidate_uniform_behavior": {
    "total_weight": 1280.0000000000034,
    "mean_contribution": 15.064682136210745,
    "mean_contribution_rate": 0.7532341068105449,
    "first_contribution": 13.8791725708496,
    "first_contribution_rate": 0.6939586285425331,
    "final_contribution": 15.1419148833617,
    "final_contribution_rate": 0.7570957441681396,
    "contribution_sd": 4.61628408472318,
    "zero_contribution_rate": 0.14650369692252743,
    "full_contribution_rate": 0.6375718618943199,
    "contribution_slope": 0.0554743786805428,
    "message_count": 1.916562499999994,
    "messages_per_round": 0.13741207497931782,
    "rounds_with_message_rate": 0.10042048821229892,
    "reward_given_units": 5.891809752747236,
    "reward_given_events": 4.453919413919377,
    "reward_given_round_rate": 0.1291051773758357,
    "reward_received_units": 5.8918097527472595,
    "reward_received_events": 4.4539194139194,
    "reward_received_round_rate": 0.21682474186410783,
    "punish_given_units": 5.693320862251731,
    "punish_given_events": 1.7821027930402815,
    "punish_given_round_rate": 0.08185487793431256,
    "punish_received_units": 5.693320862251766,
    "punish_received_events": 1.7821027930402786,
    "punish_received_round_rate": 0.07806731899485783
  },
  "unique_sampled_player_behavior": {
    "n_players": 342,
    "mean_contribution": 15.534824708210314,
    "mean_contribution_rate": 0.776741235410516,
    "first_contribution": 14.02046783625731,
    "first_contribution_rate": 0.7010233918128652,
    "final_contribution": 15.584795321637428,
    "final_contribution_rate": 0.7792397660818714,
    "contribution_sd": 4.504371176342422,
    "zero_contribution_rate": 0.14385030740103996,
    "full_contribution_rate": 0.6872375049827533,
    "contribution_slope": 0.07078249950413164,
    "message_count": 2.301169590643275,
    "messages_per_round": 0.15344308486510813,
    "rounds_with_message_rate": 0.10872364017391332,
    "reward_given_units": 6.260233918128655,
    "reward_given_events": 5.052631578947368,
    "reward_given_round_rate": 0.12356395242715554,
    "reward_received_units": 6.260233918128655,
    "reward_received_events": 5.052631578947368,
    "reward_received_round_rate": 0.21550978243226998,
    "punish_given_units": 6.7368421052631575,
    "punish_given_events": 2.318713450292398,
    "punish_given_round_rate": 0.09690236045340939,
    "punish_received_units": 6.7368421052631575,
    "punish_received_events": 2.318713450292398,
    "punish_received_round_rate": 0.09006135158338252
  },
  "concentration": {
    "n_parsed_matches": 1279,
    "n_long_match_rows": 3735,
    "n_candidate_players": 342,
    "probability_error_count": 0,
    "duplicate_top_match_count": 0,
    "top1_unique_player_count": 200,
    "top1_effective_n": 131.55067708245616,
    "probability_mass_unique_player_count": 313,
    "probability_mass_effective_n": 188.43754698529935,
    "top1_most_common": [
      [
        "65crAkEscRbHNJXbW::SLOTH",
        25
      ],
      [
        "ASQtYBWx6cGN27KxL::GORILLA",
        25
      ],
      [
        "3EQGxadfbmAKaACgZ::GORILLA",
        24
      ],
      [
        "PrfKWppTZdvPhe4oN::SLOTH",
        23
      ],
      [
        "CoHyYysb84APn5gDE::SLOTH",
        22
      ],
      [
        "7FQezekfKk3zctLN8::GORILLA",
        21
      ],
      [
        "3EG5RaDj4z7hkT2JD::GORILLA",
        20
      ],
      [
        "Fm7uYc98E2b6kcoDE::SLOTH",
        20
      ],
      [
        "3v9ji6wNY7sXHe8cM::SLOTH",
        20
      ],
      [
        "7oRFMBwqmesGX7t3H::SLOTH",
        20
      ]
    ],
    "probability_mass_top10": [
      [
        "65crAkEscRbHNJXbW::SLOTH",
        19.789999999999996
      ],
      [
        "3EQGxadfbmAKaACgZ::GORILLA",
        18.16
      ],
      [
        "3EG5RaDj4z7hkT2JD::GORILLA",
        17.540000000000006
      ],
      [
        "ASQtYBWx6cGN27KxL::GORILLA",
        17.45
      ],
      [
        "PrfKWppTZdvPhe4oN::SLOTH",
        17.43
      ],
      [
        "Fm7uYc98E2b6kcoDE::SLOTH",
        17.429999999999996
      ],
      [
        "CoHyYysb84APn5gDE::SLOTH",
        17.05
      ],
      [
        "2TDnnb4wn9rwy3CYZ::GORILLA",
        16.500000000000004
      ],
      [
        "6Pxb9DsQpyk22cJNr::SLOTH",
        15.96
      ],
      [
        "7oRFMBwqmesGX7t3H::SLOTH",
        15.209999999999999
      ]
    ]
  },
  "probability_error_custom_ids": [],
  "duplicate_top_match_custom_ids": []
}