game_id,player_id,mean_contribution_rate,mean_payoff,punishment_rate,reward_rate
VALIDATION_3_T,WALRUS,0.9711538461538461,67.61538461538461,0.07692307692307693,0.9230769230769231
VALIDATION_3_T,RABBIT,0.9423076923076923,71.3076923076923,0.07692307692307693,0.9230769230769231
VALIDATION_3_T,CHICK,0.9326923076923077,61.26923076923077,0.038461538461538464,0.8846153846153846
VALIDATION_3_T,WHALE,0.7403846153846154,61.80769230769231,0.07692307692307693,0.9615384615384616
VALIDATION_3_T,CHICKEN,0.9711538461538461,77.03846153846153,0.038461538461538464,0.9230769230769231
VALIDATION_3_T,MONKEY,0.7403846153846154,53.23076923076923,0.038461538461538464,0.9615384615384616
