metric,rmse,mae,corr
contribution_rate,0.4666666666666667,0.4666666666666667,
punishment_rate,0.23333333333333334,0.23333333333333334,
reward_rate,0.0,0.0,
normalized_efficiency,0.47329081072254614,0.47329081072254614,
