metric_family,metric,distance_kind,bootstrap_mean,bootstrap_median,bootstrap_p05,bootstrap_p95,n_treatments,model_score,median_value
distribution_distance,final_surplus_ratio,wasserstein_1d,0.08660009825768382,0.08149027133238154,0.05217698169651833,0.1392435361115829,2,0.28656319556664694,0.28656319556664694
distribution_distance,proposer_net_surplus,wasserstein_1d,0.2542385219953155,0.24600991802078762,0.1501351833552919,0.37705144744546915,2,1.2597880983750547,1.2597880983750547
distribution_distance,trade_ratio,wasserstein_1d,0.06209095963576571,0.060036422035831906,0.03857844238611835,0.09476069790381383,2,0.3988645985098279,0.3988645985098279
distribution_distance,acceptance_rate,wasserstein_1d,0.04557778875713658,0.042737154150197645,0.011288153271848908,0.09381862099253403,2,0.1113032498902064,0.1113032498902064
