method,seed_state,run,n_pairs,mse,rmse,r2_custom,train_n_rows,train_rank,train_cond
adaptive_llm_rerank_gp_ei,56,0,10,0.027747365275035997,0.16657540417191247,-4.456981093454055,10,10,inf
adaptive_llm_rerank_gp_ei,56,0,20,0.01855713468316748,0.1362245744466375,-2.6495693234641378,20,14,inf
adaptive_llm_rerank_gp_ei,56,0,30,0.007920165606400045,0.08899531227205197,-0.5576323569011019,30,14,inf
adaptive_llm_rerank_gp_ei,56,0,40,0.006789431336984328,0.08239800566144989,-0.3352546475668903,40,14,inf
adaptive_llm_rerank_gp_ei,56,0,50,0.004125455238697822,0.06422970682400646,0.18866058033555788,50,14,inf
adaptive_llm_rerank_gp_ei,56,0,60,0.003889031425200516,0.06236209926871061,0.23515725731763693,60,14,inf
