method,seed_state,n_pairs,rmse_mean,rmse_p10,rmse_p90,r2_mean,r2_p10,r2_p90,train_rank_min,train_cond_median
random_addition,56,10,0.16657540417191247,0.16657540417191247,0.16657540417191247,-4.456981093454055,-4.456981093454055,-4.456981093454055,10,inf
random_addition,56,20,0.13511251852459438,0.10579521960906146,0.16802524684849726,-2.706071641057928,-4.552400936807825,-1.2012285629747006,14,inf
random_addition,56,30,0.10631410629111226,0.0811513730223099,0.13292086609798306,-1.3085053656818482,-2.4747478308714537,-0.29515723796035354,14,inf
random_addition,56,40,0.09096727318537867,0.06986619040262837,0.11258893727436628,-0.6910770697641979,-1.4929995940693224,0.04001337831514164,14,inf
random_addition,56,50,0.08033693775352631,0.0632930288317704,0.10035958885413553,-0.3130577252276519,-0.9808357261692463,0.21215149766767347,14,inf
random_addition,56,60,0.07346815007743866,0.05792032884942459,0.09085979248166054,-0.09027181415841451,-0.6235819917918932,0.3402296076090582,14,inf
