{
  "n_matches": 1280,
  "n_unique_most_aligned_players": 16,
  "top_player": "SLOTH",
  "top_player_share": 0.2875,
  "entropy": 2.1584008892031044,
  "effective_n": 8.657282629428153
}