{
  "matched_behavior": {
    "total_weight": 1280.0,
    "mean_contribution": 17.345103215641814,
    "mean_contribution_rate": 0.8672551607820906,
    "first_contribution": 15.98059375,
    "first_contribution_rate": 0.7990296875,
    "final_contribution": 17.7269296875,
    "final_contribution_rate": 0.886346484375,
    "contribution_sd": 3.039209604020198,
    "zero_contribution_rate": 0.06905682574751407,
    "full_contribution_rate": 0.7647175269032507,
    "contribution_slope": 0.06785195580875204,
    "message_count": 3.035234375,
    "messages_per_round": 0.21813748853260115,
    "rounds_with_message_rate": 0.15171798102836123,
    "reward_given_units": 8.456671875000001,
    "reward_given_events": 7.4849453125,
    "reward_given_round_rate": 0.16796789372286125,
    "reward_received_units": 7.4039921875,
    "reward_received_events": 5.323375,
    "reward_received_round_rate": 0.2342697490958972,
    "punish_given_units": 6.2404921875,
    "punish_given_events": 2.258984375,
    "punish_given_round_rate": 0.09673698170671065,
    "punish_received_units": 1.0714531250000001,
    "punish_received_events": 0.856296875,
    "punish_received_round_rate": 0.0476307641179534
  },
  "candidate_uniform_behavior": {
    "total_weight": 1280.0,
    "mean_contribution": 15.064682136210829,
    "mean_contribution_rate": 0.7532341068105415,
    "first_contribution": 13.879172570850201,
    "first_contribution_rate": 0.6939586285425101,
    "final_contribution": 15.14191488336225,
    "final_contribution_rate": 0.7570957441681126,
    "contribution_sd": 4.616284084723324,
    "zero_contribution_rate": 0.14650369692252824,
    "full_contribution_rate": 0.6375718618943098,
    "contribution_slope": 0.05547437868054299,
    "message_count": 1.9165625,
    "messages_per_round": 0.1374120749793199,
    "rounds_with_message_rate": 0.1004204882123007,
    "reward_given_units": 5.891809752747252,
    "reward_given_events": 4.453919413919413,
    "reward_given_round_rate": 0.129105177375835,
    "reward_received_units": 5.891809752747252,
    "reward_received_events": 4.453919413919413,
    "reward_received_round_rate": 0.2168247418641088,
    "punish_given_units": 5.693320862251783,
    "punish_given_events": 1.782102793040293,
    "punish_given_round_rate": 0.08185487793431238,
    "punish_received_units": 5.693320862251783,
    "punish_received_events": 1.782102793040293,
    "punish_received_round_rate": 0.07806731899485717
  },
  "unique_sampled_player_behavior": {
    "n_players": 342,
    "mean_contribution": 15.534824708210325,
    "mean_contribution_rate": 0.7767412354105161,
    "first_contribution": 14.02046783625731,
    "first_contribution_rate": 0.7010233918128655,
    "final_contribution": 15.584795321637428,
    "final_contribution_rate": 0.7792397660818714,
    "contribution_sd": 4.504371176342426,
    "zero_contribution_rate": 0.14385030740103977,
    "full_contribution_rate": 0.6872375049827534,
    "contribution_slope": 0.0707824995041317,
    "message_count": 2.301169590643275,
    "messages_per_round": 0.15344308486510808,
    "rounds_with_message_rate": 0.10872364017391328,
    "reward_given_units": 6.260233918128655,
    "reward_given_events": 5.052631578947368,
    "reward_given_round_rate": 0.12356395242715545,
    "reward_received_units": 6.260233918128655,
    "reward_received_events": 5.052631578947368,
    "reward_received_round_rate": 0.21550978243226973,
    "punish_given_units": 6.7368421052631575,
    "punish_given_events": 2.318713450292398,
    "punish_given_round_rate": 0.09690236045340939,
    "punish_received_units": 6.7368421052631575,
    "punish_received_events": 2.318713450292398,
    "punish_received_round_rate": 0.09006135158338255
  },
  "concentration": {
    "n_parsed_matches": 1280,
    "n_long_match_rows": 3789,
    "n_candidate_players": 342,
    "probability_error_count": 0,
    "duplicate_top_match_count": 0,
    "top1_unique_player_count": 152,
    "top1_effective_n": 96.57995792252237,
    "probability_mass_unique_player_count": 247,
    "probability_mass_effective_n": 151.52774741631035,
    "top1_most_common": [
      [
        "Fm7uYc98E2b6kcoDE::SLOTH",
        30
      ],
      [
        "3v9ji6wNY7sXHe8cM::SLOTH",
        29
      ],
      [
        "6Pxb9DsQpyk22cJNr::SLOTH",
        28
      ],
      [
        "6sSM4xSyZQkaxyHav::DUCK",
        28
      ],
      [
        "7Y6PBvgZNqtriKzaZ::CHICKEN",
        28
      ],
      [
        "3EG5RaDj4z7hkT2JD::GORILLA",
        28
      ],
      [
        "65crAkEscRbHNJXbW::SLOTH",
        27
      ],
      [
        "ASQtYBWx6cGN27KxL::GORILLA",
        26
      ],
      [
        "5mhtM66ewYHNxSp4q::CHICKEN",
        25
      ],
      [
        "7FQezekfKk3zctLN8::GORILLA",
        25
      ]
    ],
    "probability_mass_top10": [
      [
        "Fm7uYc98E2b6kcoDE::SLOTH",
        21.909999999999993
      ],
      [
        "3EG5RaDj4z7hkT2JD::GORILLA",
        21.87
      ],
      [
        "65crAkEscRbHNJXbW::SLOTH",
        21.46
      ],
      [
        "6Pxb9DsQpyk22cJNr::SLOTH",
        20.370000000000005
      ],
      [
        "6sSM4xSyZQkaxyHav::DUCK",
        19.699999999999996
      ],
      [
        "3v9ji6wNY7sXHe8cM::SLOTH",
        18.650000000000002
      ],
      [
        "3EQGxadfbmAKaACgZ::GORILLA",
        18.500000000000004
      ],
      [
        "ASQtYBWx6cGN27KxL::GORILLA",
        18.219999999999995
      ],
      [
        "7Y6PBvgZNqtriKzaZ::CHICKEN",
        17.21
      ],
      [
        "AJ4ikZuWJeJcEXhgZ::GORILLA",
        16.649999999999995
      ]
    ]
  },
  "probability_error_custom_ids": [],
  "duplicate_top_match_custom_ids": []
}