game_id,player_id,mean_contribution_rate,mean_payoff,punishment_rate,reward_rate
2601252338-VALIDATION_19_T,SLOTH,0.4689655172413793,14.124137931034483,0.1724137931034483,0.6206896551724138
2601252338-VALIDATION_19_T,WHALE,0.5344827586206896,27.586206896551726,0.1724137931034483,1.0
2601252338-VALIDATION_19_T,HORSE,0.38620689655172413,4.834482758620689,0.7931034482758621,1.0
2601252338-VALIDATION_19_T,PINGUIN,0.5551724137931034,27.744827586206895,0.20689655172413793,0.896551724137931
