game_id,player_id,mean_contribution_rate,mean_payoff,punishment_rate,reward_rate
2601252322-VALIDATION_18_T,ELEPHANT,1.0,50.0,0.0,0.0
2601252322-VALIDATION_18_T,CROCODILE,1.0,50.0,0.0,0.0
2601252322-VALIDATION_18_T,WALRUS,1.0,50.0,0.0,0.0
2601252322-VALIDATION_18_T,PINGUIN,1.0,50.0,0.0,0.0
2601252338-VALIDATION_18_T,DOG,0.9565217391304348,47.95652173913044,0.13043478260869565,0.0
2601252338-VALIDATION_18_T,ELEPHANT,0.8695652173913043,44.47826086956522,0.08695652173913043,0.0
2601252338-VALIDATION_18_T,WHALE,1.0,49.69565217391305,0.13043478260869565,0.0
2601252338-VALIDATION_18_T,PARROT,1.0,49.52173913043478,0.13043478260869565,0.0
