game_id,mean_contribution_rate,mean_payoff,punishment_rate,reward_rate,normalized_efficiency,total_payoff
2601300651-VALIDATION_13_C,0.5,-56.786764705882355,0.0,0.9816176470588235,-1.0969537815126051,-15446.0
2601300651-,0.0,20.0,0.0,0.0,-0.2846638655462185,20.0
