method,seed_state,n_pairs,rmse_mean,rmse_p10,rmse_p90,r2_mean,r2_p10,r2_p90,train_rank_min,train_cond_median
random_addition,58,10,0.09558489130182277,0.09558489130182278,0.09558489130182278,-0.7968391392494973,-0.7968391392494973,-0.7968391392494973,10,inf
random_addition,58,20,0.10010793090185825,0.0732175025211439,0.12786181649103906,-1.1009538807191397,-2.2152909689080738,-0.054291143730745894,14,inf
random_addition,58,30,0.08655543922810548,0.05834103893856329,0.12086302359766297,-0.602775106678402,-1.8728930741775152,0.3306090577675822,14,inf
random_addition,58,40,0.07574658545775396,0.05424005381688193,0.1004738380547315,-0.1867409365873,-0.9853548473470133,0.42140898609871646,14,inf
random_addition,58,50,0.06884840831739536,0.05202864537750562,0.08812839094181965,0.03242704737192658,-0.5274359192544983,0.467627342592245,14,inf
random_addition,58,60,0.06434008165656295,0.0505969391529703,0.0817216719460854,0.1578212191652594,-0.31342546156986395,0.49651923097407596,14,inf
