game_id,mean_contribution_rate,mean_payoff,punishment_rate,reward_rate,normalized_efficiency,total_payoff
2601252338-VALIDATION_19_T,0.48620689655172417,18.572413793103447,0.33620689655172414,0.8793103448275862,-0.08922413793103444,2154.4
