game_id,mean_contribution_rate,mean_payoff,punishment_rate,reward_rate,normalized_efficiency,total_payoff
2601252338-VALIDATION_8_T,0.5333333333333333,21.05,0.6666666666666666,0.3333333333333333,0.04374999999999998,252.6
