game_id,mean_contribution_rate,mean_payoff,punishment_rate,reward_rate,normalized_efficiency,total_payoff
2601291240-VALIDATION_9_T,0.45190839694656487,-23.108396946564884,0.8666666666666667,0.9259259259259259,-0.7856241426611796,-3027.2
