game_id,player_id,mean_contribution_rate,mean_payoff,punishment_rate,reward_rate
2601292005-VALIDATION_5_T,SLOTH,1.0,19.666666666666668,0.0,0.8333333333333334
2601292005-VALIDATION_5_T,WHALE,1.0,24.333333333333332,0.16666666666666666,0.8333333333333334
2601292005-VALIDATION_5_T,CROCODILE,1.0,31.0,0.16666666666666666,0.6666666666666666
2601292005-VALIDATION_5_T,RABBIT,1.0,38.333333333333336,0.16666666666666666,0.16666666666666666
