game_id,mean_contribution_rate,mean_payoff,punishment_rate,reward_rate,normalized_efficiency,total_payoff
2601292005-VALIDATION_19_T,0.2025862068965517,9.172413793103448,0.6206896551724138,0.5431034482758621,-0.6767241379310345,1064.0
