game_id,mean_contribution_rate,mean_payoff,punishment_rate,reward_rate,normalized_efficiency,total_payoff
2601252322-VALIDATION_18_T,1.0,50.0,0.0,0.0,1.0,4600.0
2601252338-VALIDATION_18_T,0.9565217391304348,47.91304347826087,0.11956521739130435,0.0,0.9304347826086956,4408.0
