treatment_name,n_rows,exact_match_rate,delegation_match_rate,scenario_exact_match_rate,scenario_field_match_rate,numeric_direct_abs_error_mean
ODP,50,0.0,0.49714285714285716,0.0,0.42857142857142855,1.2256666666666667
ODU,50,0.0,0.49142857142857144,0.0,0.44857142857142857,0.992
TDP,50,0.0,0.47142857142857136,0.0,0.37714285714285706,1.528849206349206
TDU,50,0.0,0.5285714285714286,0.0,0.399047619047619,1.4786904761904764
TRP,48,0.0,1.0,0.006944444444444444,0.44444444444444436,1.337962962962963
TRU,43,0.0,1.0,0.0,0.4518272425249169,1.3488372093023253
