{
  "silhouette_score": 0.40648627281188965,
  "calinski_harabasz_score": 1861.3525390625,
  "davies_bouldin_score": 0.785823929728033
}