method,seed_state,n_pairs,rmse_mean,rmse_p10,rmse_p90,r2_mean,r2_p10,r2_p90,train_rank_min,train_cond_median
random_addition,42,10,0.0981251659851682,0.0981251659851682,0.0981251659851682,-0.8936142210947935,-0.8936142210947935,-0.8936142210947935,10,inf
