run_id,label,n_games,mae_normalized_efficiency,rmse_normalized_efficiency,corr_normalized_efficiency,mean_human_normalized_efficiency,mean_sim_normalized_efficiency
no_archetype/10477689_r0_macro_no_archetype_local_12b,no archetype,40,0.2865398277104262,0.35386971787203486,0.1676821217441577,0.6649016752484461,0.7049374382252822
oracle_archetype/10478932_r0_macro_oracle_archetype_local_12b,oracle archetype,31,0.18542914078428285,0.25890035884661017,0.3877470809090798,0.681608336400509,0.7540739952627981
config_bank_archetype/10491393_r0_macro_config_bank_archetype_local_12b,retrieved archetype,40,0.2169275492055911,0.27214954163927024,0.3555500273960922,0.6649016752484461,0.7958984531394467
random_archetype/10492196_r0_macro_random_archetype_local_12b_s0,random archetype,40,0.1903226662345172,0.2515275685674811,0.29329108662987013,0.6649016752484461,0.7064090477507741
