model,n_factors,sign_match_rate_all,sign_match_rate_nonzero_human,mean_abs_delta_error
linear_config,11,0.7272727272727273,0.7272727272727273,0.0573214763767716
retrieved_archetype,11,0.6363636363636364,0.6363636363636364,0.08437200156279422
no_archetype,11,0.5454545454545454,0.5454545454545454,0.12726615025879637
oracle_archetype,11,0.5454545454545454,0.5454545454545454,0.10981983761256232
