factor,mode,threshold,n_total,n_high,n_low,human_delta,human_sign,abs_delta_error__linear_config,abs_delta_error__no_archetype,abs_delta_error__oracle_archetype,abs_delta_error__retrieved_archetype,model_delta__linear_config,model_delta__no_archetype,model_delta__oracle_archetype,model_delta__retrieved_archetype,model_sign__linear_config,model_sign__no_archetype,model_sign__oracle_archetype,model_sign__retrieved_archetype,sign_match__linear_config,sign_match__no_archetype,sign_match__oracle_archetype,sign_match__retrieved_archetype
CONFIG_MPCR,median,0.52,29,14,15,-0.08925847427532263,-1,0.1592837132129954,0.2735148295338682,0.1946644812621653,0.11427107100533973,0.07002523893767276,0.18425635525854556,0.10540600698684266,0.0250125967300171,1,1,1,1,False,False,False,False
CONFIG_numRounds,median,15.0,29,15,14,0.0892383777888539,1,0.01454265195864668,0.0126544483019847,0.054596277160093964,0.08714933516393109,0.07469572583020723,0.1018928260908386,0.03464210062875994,0.002089042624922821,1,1,1,1,True,True,True,True
CONFIG_playerCount,median,6.0,26,15,11,0.18333046761579008,1,0.10584035462420349,0.12455123685568348,0.09060359952207897,0.03689478317842376,0.07749011299158659,0.058779230760106604,0.09272686809371111,0.14643568443736632,1,1,1,1,True,True,True,True
