label,n_factors,sign_match_rate,mean_abs_delta_error
random archetype,11,0.6363636363636364,0.059742027500833926
retrieved archetype,11,0.6363636363636364,0.08437200156279422
oracle archetype,11,0.5454545454545454,0.10981983761256232
no archetype,11,0.5454545454545454,0.12726615025879637
