dimension,metric,observed_statistic,null_mean,null_q025,null_q975,permutation_p_value,n_used,n_groups,n_permutations
age,eta_squared,0.13218123131906406,0.12871243672179078,0.11423716246320337,0.14399704896211243,0.32667332667332666,3633,470,1000
gender,cramers_v,0.3621285308024632,0.35958108182252785,0.340205871452083,0.3807137633492769,0.37962037962037964,3625,470,1000
education,cramers_v,0.34453952207558625,0.35911891713656985,0.34584686371853873,0.3712000117742892,0.986013986013986,3630,470,1000
