dimension,metric,observed_statistic,null_mean,null_q025,null_q975,permutation_p_value,n_used,n_groups,n_permutations
age,eta_squared,0.12582195946609814,0.12505845603176344,0.11069415125970478,0.14093605440131013,0.44955044955044954,3330,417,1000
gender,cramers_v,0.3567882991544329,0.35419301386721425,0.334314555103435,0.37463805732511996,0.38461538461538464,3321,417,1000
education,cramers_v,0.33937828383248475,0.35336751327896987,0.340925802754189,0.36638515943508754,0.987012987012987,3327,417,1000
