n_rows,predicted_contribution_parsed,contrib_mae,contrib_rmse,contrib_bias,contrib_corr,action_exact_match,target_set_exact,target_precision,target_recall,target_f1,target_jaccard,target_hit_any,unit_mae_on_overlap,unit_exact_on_overlap_rate,actual_any_action_rate,pred_any_action_rate,actual_any_punish_rate,pred_any_punish_rate,actual_any_reward_rate,pred_any_reward_rate
4666,1.0,9.206815259322761,12.20322802010137,-5.766180882983283,0.018187169719580655,0.7312473210458637,0.7314616373767681,0.736069438491213,0.7326779830637524,0.733285893037286,0.7326708391860557,0.7361765966566652,0.2,0.8333333333333334,0.19352764680668666,0.10480068581225889,0.06708101157308187,0.0488641234462066,0.13137591084440634,0.0589369909987141
