n_rows,predicted_contribution_parsed,contrib_mae,contrib_rmse,contrib_bias,contrib_corr,action_exact_match,target_set_exact,target_precision,target_recall,target_f1,target_jaccard,target_hit_any,unit_mae_on_overlap,unit_exact_on_overlap_rate,actual_any_action_rate,pred_any_action_rate,actual_any_punish_rate,pred_any_punish_rate,actual_any_reward_rate,pred_any_reward_rate
98,1.0,5.061224489795919,8.687311883149013,-0.04081632653061224,0.4289156210973335,0.12244897959183673,0.17346938775510204,0.2585034013605442,0.244047619047619,0.23979591836734693,0.22142857142857142,0.2857142857142857,1.3529411764705883,0.35294117647058826,0.32653061224489793,0.8571428571428571,0.1836734693877551,0.4489795918367347,0.14285714285714285,0.40816326530612246
