metric,rmse,mae,corr
contribution_rate,0.28972371808935865,0.2463000411025241,-0.1372089368780233
punishment_rate,0.0904908560312757,0.05030891654490952,0.701295235335957
reward_rate,0.15585047835580468,0.09397075078072861,0.7741624647623188
normalized_efficiency,0.335440408461991,0.28550309140447006,-0.23704907205426506
