model,folds_ok,fit_eval_seconds_mean,pred_true_cosine_mean_mean,pred_true_cosine_mean_std,retrieved_true_cosine_mean_mean,retrieved_true_cosine_mean_std,oracle_true_cosine_mean_mean,oracle_true_cosine_mean_std,retrieval_cosine_regret_mean_mean,retrieval_cosine_regret_mean_std,oracle_hit_at_1_mean,oracle_hit_at_1_std,oracle_hit_at_5_mean,oracle_hit_at_5_std,embedding_mse_mean_mean,embedding_mse_mean_std
linear,5,1.26922,0.8920746922492981,0.004221903193837292,0.846276867389679,0.004730563491310662,0.9053070187568665,0.0022772145170967236,0.059030193090438846,0.003228052075953873,0.01963074938841154,0.004373597985233537,0.06329986240891443,0.013431914539201294,0.00013314561801962553,4.914584589340847e-06
mean,5,0.12251999999999999,0.889376449584961,0.003543470504193236,0.8416871309280396,0.004709129277514891,0.9053070187568665,0.0022772145170967236,0.06361991465091706,0.0033652993025642796,0.0032727488714659066,0.004368630014740924,0.023966696169119547,0.010611796518501498,0.00013607905711978673,4.10993854992171e-06
ridge,5,0.20945999999999998,0.893978476524353,0.004323483999599319,0.8471403002738953,0.00447311829286117,0.9053070187568665,0.0022772145170967236,0.05816676914691925,0.0030755120246855013,0.020717705910150673,0.004077125152955191,0.06327603852550395,0.009056525643117683,0.0001308255858020857,5.0582561355809944e-06
