source,metric,n_games,mae,rmse,bias,corr
no archetype,contribution_rate,31,0.21706673200924567,0.2769214942144696,0.12069339697442058,0.03650682253531202
no archetype,punishment_rate,31,0.1414545023359,0.22157864181526088,0.03688045708864296,0.5385983751723024
no archetype,reward_rate,31,0.32136511310856214,0.48227582192607593,0.32136511310856214,0.5761628299327689
no archetype,normalized_efficiency,31,0.2747143348966005,0.34676743180838704,0.12710473795279878,0.16767035974101285
oracle archetype,contribution_rate,31,0.13288290759283977,0.17842181221527809,0.10636747400942065,0.6969716719403958
oracle archetype,punishment_rate,31,0.07620360997656384,0.1327100146793341,0.035333702394881566,0.8044636290194945
oracle archetype,reward_rate,31,0.18312125848048974,0.30204824059156,0.1772190961267145,0.6203162292039878
oracle archetype,normalized_efficiency,31,0.1829060230395416,0.2555451945803808,0.11960777459823078,0.5030606200545602
