{
  "analysis": "Step1 Shared-Space (Original)",
  "tag": "COMMUNICATION",
  "k_with": 7,
  "k_without": 6,
  "n_with": 1870,
  "n_without": 1821,
  "alignment_map": {
    "0": 2,
    "1": 0,
    "2": 1,
    "3": 5,
    "4": 3,
    "6": 4
  },
  "alignment_score": 0.8860834831616803,
  "quality_metrics_with": {
    "silhouette_score": 0.40564778447151184,
    "calinski_harabasz_score": 2145.79638671875,
    "davies_bouldin_score": 0.7444594728378969
  },
  "quality_metrics_without": {
    "silhouette_score": 0.466750830411911,
    "calinski_harabasz_score": 2986.69287109375,
    "davies_bouldin_score": 0.7010443972046914
  }
}