treatment_name,n_rows,exact_match_rate,delegation_match_rate,scenario_exact_match_rate,scenario_field_match_rate,numeric_direct_abs_error_mean
ODP,50,0.0,0.4257142857142856,0.02,0.4314285714285714,1.64
ODU,50,0.0,0.4657142857142857,0.03,0.4357142857142857,1.5233333333333332
TDP,50,0.0,0.35428571428571426,0.006666666666666666,0.39428571428571424,1.7841666666666667
TDU,50,0.0,0.40285714285714286,0.02,0.37904761904761897,1.7457142857142856
TRP,50,0.0,1.0,0.0,0.45619047619047615,1.6822222222222223
TRU,50,0.0,1.0,0.0,0.41428571428571426,1.7688888888888892
