split,factor,direction,eval_granularity,model,oracle_best_delta_r2,synthetic_best_delta_r2,oracle_best_delta_r2_oos_train_mean,synthetic_best_delta_r2_oos_train_mean,oracle_best_delta_rmse,synthetic_best_delta_rmse,synthetic_beats_oracle_on_r2_gain,synthetic_beats_oracle_on_r2_oos_gain,synthetic_beats_oracle_on_rmse_drop
all_or_nothing/false_to_true,all_or_nothing,false_to_true,config_treatment,linear,0.4464613063043401,0.14217277528001082,0.44452182784515415,0.14155516064858675,-0.016233305558503844,-0.004890425094921519,False,False,False
all_or_nothing/false_to_true,all_or_nothing,false_to_true,config_treatment,ridge,0.37380198252517993,0.09064036861917835,0.37217814439436925,0.09024661659635536,-0.01371536912317868,-0.0031565893183247012,False,False,False
all_or_nothing/false_to_true,all_or_nothing,false_to_true,game,linear,0.25788839560058696,0.04980650261954267,0.25566382946933397,0.049376867704851835,-0.01815727522745858,-0.0033429967737860777,False,False,False
all_or_nothing/false_to_true,all_or_nothing,false_to_true,game,ridge,0.26890643326400065,0.03613484002965728,0.2665868246498869,0.03582313798078851,-0.01913411670236778,-0.0024352909730818995,False,False,False
all_or_nothing/true_to_false,all_or_nothing,true_to_false,config_treatment,linear,0.4883415631604887,0.14689241650259222,0.46260015260153886,0.13914943845927774,-0.017783406302813748,-0.0049514783394105505,False,False,False
all_or_nothing/true_to_false,all_or_nothing,true_to_false,config_treatment,ridge,0.40894292631090434,0.08372343310688679,0.3873867685814263,0.07931021205918154,-0.014982617826335143,-0.002849655661447223,False,False,False
all_or_nothing/true_to_false,all_or_nothing,true_to_false,game,linear,0.2947263536737238,0.03656388954165202,0.29020824436099446,0.03600337078318816,-0.02010002238421095,-0.0023386513416081833,False,False,False
all_or_nothing/true_to_false,all_or_nothing,true_to_false,game,ridge,0.27560257506650343,0.029013283665847434,0.27137763031521533,0.028568514524949462,-0.01887006049518969,-0.0018675609029729923,False,False,False
