game_id,player_id,mean_contribution_rate,mean_payoff,punishment_rate,reward_rate
VALIDATION_3_C,MOOSE,0.8461538461538461,22.807692307692307,0.0,1.0
VALIDATION_3_C,HORSE,0.9615384615384616,68.84615384615384,0.0,1.0
VALIDATION_3_C,SNAKE,0.9615384615384616,97.42307692307692,0.0,1.0
VALIDATION_3_C,WHALE,0.5,30.46153846153846,0.0,1.0
VALIDATION_3_C,WALRUS,0.9807692307692307,103.73076923076923,0.0,1.0
VALIDATION_3_C,CROCODILE,0.5,-9.0,0.0,1.0
