metric_family,metric,distance_kind,bootstrap_mean,bootstrap_median,bootstrap_p05,bootstrap_p95,n_treatments,model_score,median_value
distribution_distance,final_surplus_ratio,wasserstein_1d,0.08773500400507826,0.08403218307348861,0.0515756268672412,0.14345973238123394,2,0.3979931275656668,0.3979931275656668
distribution_distance,proposer_net_surplus,wasserstein_1d,0.25912555615680616,0.2527266714766715,0.15448127104377113,0.3819071669071671,2,1.4158970658970658,1.4158970658970658
distribution_distance,trade_ratio,wasserstein_1d,0.06309486421692184,0.06025329546929473,0.03957622151694573,0.09337770349122708,2,0.5182438639035862,0.5182438639035862
distribution_distance,acceptance_rate,wasserstein_1d,0.046906866281866286,0.04271885521885524,0.011650733525733491,0.09687349687349685,2,0.07674963924963923,0.07674963924963923
