game_id,round_index,mean_contribution_rate,mean_payoff,punishment_rate,reward_rate
2602100820-VALIDATION_9_T,1,0.6733333333333333,7.960000000000003,0.8666666666666667,0.0
2602100820-VALIDATION_9_T,2,0.64,-50.306666666666665,1.0,0.0
2602100820-VALIDATION_9_T,3,0.67,0.38000000000000306,1.0,0.13333333333333333
2602100820-VALIDATION_9_T,4,0.6666666666666667,15.26666666666667,0.9333333333333333,0.26666666666666666
2602100820-VALIDATION_9_T,5,0.6933333333333334,22.640000000000004,0.8666666666666667,0.3333333333333333
2602100820-VALIDATION_9_T,6,0.7033333333333334,18.64666666666667,1.0,0.3333333333333333
2602100820-VALIDATION_9_T,7,0.7066666666666667,28.560000000000002,0.8,0.6
2602100820-VALIDATION_9_T,8,0.7000000000000001,21.533333333333335,0.9333333333333333,0.6
2602100820-VALIDATION_9_T,9,0.7066666666666667,19.493333333333336,1.0,0.5333333333333333
