game_id,player_id,mean_contribution_rate,mean_payoff,punishment_rate,reward_rate
2602091801-VALIDATION_14_T,COW,1.0,35.578947368421055,0.0,1.0
2602091801-VALIDATION_14_T,PINGUIN,0.9394736842105262,32.294736842105266,0.0,1.0
2602091801-VALIDATION_14_T,CROCODILE,1.0,39.78947368421053,0.0,1.0
2602091801-VALIDATION_14_T,PARROT,0.8,28.69473684210526,0.05263157894736842,0.9473684210526315
2602091801-VALIDATION_14_T,OWL,1.0,36.421052631578945,0.0,1.0
2602091801-VALIDATION_14_T,GORILLA,0.9815789473684211,38.49473684210526,0.0,1.0
