game_id,player_id,mean_contribution_rate,mean_payoff,punishment_rate,reward_rate
2602091801-VALIDATION_2_C,CHICKEN,0.91,37.32000000000001,0.0,1.0
2602091801-VALIDATION_2_C,HORSE,0.89,35.480000000000004,0.0,1.0
2602091801-VALIDATION_2_C,FROG,0.9222222222222223,48.62222222222223,0.0,1.0
2602091801-VALIDATION_2_C,DOG,0.84,38.38,0.0,1.0
