game_id,player_id,mean_contribution_rate,mean_payoff,punishment_rate,reward_rate
2602091801-VALIDATION_3_T,PARROT,0.21923076923076923,8.892307692307693,0.0,1.0
2602091801-VALIDATION_3_T,MOOSE,0.9423076923076923,58.84615384615385,0.0,1.0
2602091801-VALIDATION_3_T,OWL,0.9884615384615385,77.58461538461539,0.0,1.0
2602091801-VALIDATION_3_T,ELEPHANT,0.9423076923076923,48.92307692307692,0.0,1.0
2602091801-VALIDATION_3_T,DUCK,0.9942307692307693,82.6,0.6153846153846154,0.8461538461538461
2602091801-VALIDATION_3_T,CHICK,0.6884615384615385,47.246153846153845,0.0,1.0
