game_id,mean_contribution_rate,mean_payoff,punishment_rate,reward_rate,normalized_efficiency,total_payoff
2602091801-VALIDATION_3_T,0.7958333333333333,54.01538461538461,0.10256410256410256,0.9743589743589743,0.6074175824175824,8426.4
