game_id,round_index,mean_contribution_rate,mean_payoff,punishment_rate,reward_rate
2602091801-VALIDATION_8_T,1,0.5333333333333333,11.466666666666667,0.5,0.6666666666666666
2602091801-VALIDATION_8_T,2,0.4583333333333333,10.166666666666666,0.5,0.6666666666666666
