game_id,player_id,mean_contribution_rate,mean_payoff,punishment_rate,reward_rate
2602091801-VALIDATION_10_T,DUCK,0.725,-8.950000000000001,1.0,0.0
2602091801-VALIDATION_10_T,ELEPHANT,0.75,14.833333333333332,0.6666666666666666,0.0
2602091801-VALIDATION_10_T,WALRUS,0.7833333333333333,28.099999999999998,0.8333333333333334,0.0
