game_id,player_id,mean_contribution_rate,mean_payoff,punishment_rate,reward_rate
2602091801-VALIDATION_19_T,COW,0.9,23.503448275862066,0.0,1.0
2602091801-VALIDATION_19_T,HORSE,0.9551724137931035,33.317241379310346,0.0,1.0
2602091801-VALIDATION_19_T,PARROT,0.9,31.779310344827586,0.0,1.0
2602091801-VALIDATION_19_T,FROG,0.9,31.779310344827586,0.0,1.0
