game_id,round_index,mean_contribution_rate,mean_payoff,punishment_rate,reward_rate
2602091801-VALIDATION_8_C,1,0.7083333333333334,35.333333333333336,0.0,0.5
2602091801-VALIDATION_8_C,2,0.5666666666666667,31.766666666666666,0.0,0.5
