game_id,mean_contribution_rate,mean_payoff,punishment_rate,reward_rate,normalized_efficiency,total_payoff
2602100820-VALIDATION_13_T,0.95625,53.27205882352941,0.051470588235294115,0.9522058823529411,0.47531512605042014,14490.0
