game_id,round_index,mean_contribution_rate,mean_payoff,punishment_rate,reward_rate
2602100820-VALIDATION_9_C,1,0.7533333333333333,77.54666666666667,0.0,1.0
2602100820-VALIDATION_9_C,2,0.76,81.77333333333334,0.0,1.0
2602100820-VALIDATION_9_C,3,0.7533333333333333,81.54666666666667,0.0,1.0
2602100820-VALIDATION_9_C,4,0.7533333333333333,81.48,0.0,1.0
2602100820-VALIDATION_9_C,5,0.7533333333333333,81.48,0.0,1.0
2602100820-VALIDATION_9_C,6,0.7533333333333333,80.48,0.0,1.0
2602100820-VALIDATION_9_C,7,0.7533333333333333,80.48,0.0,1.0
2602100820-VALIDATION_9_C,8,0.7533333333333333,80.48,0.0,1.0
2602100820-VALIDATION_9_C,9,0.7533333333333333,78.61333333333333,0.0,1.0
