game_id,player_id,mean_contribution_rate,mean_payoff,punishment_rate,reward_rate
2602091801-VALIDATION_14_C,CHICKEN,0.95,45.09473684210526,0.0,1.0
2602091801-VALIDATION_14_C,DOG,0.5,19.789473684210527,0.0,1.0
2602091801-VALIDATION_14_C,SNAKE,0.9052631578947369,35.01052631578947,0.0,1.0
2602091801-VALIDATION_14_C,FROG,0.7289473684210527,23.768421052631577,0.0,1.0
2602091801-VALIDATION_14_C,OWL,0.9052631578947369,44.694736842105264,0.0,1.0
2602091801-VALIDATION_14_C,PARROT,0.5,23.473684210526315,0.0,1.0
