game_id,player_id,mean_contribution_rate,mean_payoff,punishment_rate,reward_rate
2602091801-VALIDATION_19_C,SNAKE,1.0,26.20689655172414,0.0,1.0
2602091801-VALIDATION_19_C,MOOSE,0.9103448275862069,39.39310344827586,0.0,1.0
2602091801-VALIDATION_19_C,COW,0.1,21.6,0.0,0.0
2602091801-VALIDATION_19_C,OWL,0.5,25.896551724137932,0.0,1.0
