game_id,mean_contribution_rate,mean_payoff,punishment_rate,reward_rate,normalized_efficiency,total_payoff
2602100820-VALIDATION_9_T,0.6844444444444444,9.352592592592595,0.9333333333333333,0.3111111111111111,-0.19717421124828527,1262.6000000000004
