game_id,mean_contribution_rate,mean_payoff,punishment_rate,reward_rate,normalized_efficiency,total_payoff
2602100820-VALIDATION_17_T,0.9893617021276596,221.5372340425532,0.26842105263157895,0.0,0.9485964912280702,41649.0
