game_id,player_id,mean_contribution_rate,mean_payoff,punishment_rate,reward_rate
2602091801-VALIDATION_12_T,HORSE,0.9166666666666666,66.58333333333333,0.16666666666666666,0.0
2602091801-VALIDATION_12_T,GORILLA,1.0,72.5,0.16666666666666666,0.0
2602091801-VALIDATION_12_T,WALRUS,0.9166666666666666,66.75,0.08333333333333333,0.0
2602091801-VALIDATION_12_T,ELEPHANT,1.0,69.08333333333333,0.16666666666666666,0.0
2602091801-VALIDATION_12_T,FROG,1.0,72.33333333333333,0.16666666666666666,0.0
2602091801-VALIDATION_12_T,MOOSE,0.8333333333333334,54.25,0.9166666666666666,0.0
