game_id,mean_contribution_rate,mean_payoff,punishment_rate,reward_rate,normalized_efficiency,total_payoff
2602091801-VALIDATION_7_T,0.9351351351351351,123.09189189189189,0.05789473684210526,0.0,0.8915413533834586,22772.0
