game_id,round_index,mean_contribution_rate,mean_payoff,punishment_rate,reward_rate
2602091801-VALIDATION_10_C,1,0.5166666666666667,29.299999999999997,0.0,0.0
2602091801-VALIDATION_10_C,2,0.55,29.9,0.0,0.0
2602091801-VALIDATION_10_C,3,0.55,29.9,0.0,0.0
2602091801-VALIDATION_10_C,4,0.5166666666666667,29.299999999999997,0.0,0.0
2602091801-VALIDATION_10_C,5,0.5166666666666667,29.299999999999997,0.0,0.0
2602091801-VALIDATION_10_C,6,0.5166666666666667,29.299999999999997,0.0,0.0
