game_id,round_index,mean_contribution_rate,mean_payoff,punishment_rate,reward_rate
2602091801-VALIDATION_10_T,1,0.7666666666666667,28.466666666666665,0.3333333333333333,0.0
2602091801-VALIDATION_10_T,2,0.7666666666666666,23.13333333333333,0.6666666666666666,0.0
2602091801-VALIDATION_10_T,3,0.7833333333333333,18.099999999999998,1.0,0.0
2602091801-VALIDATION_10_T,4,0.8166666666666667,13.366666666666665,1.0,0.0
2602091801-VALIDATION_10_T,5,0.7166666666666667,-4.4333333333333345,1.0,0.0
2602091801-VALIDATION_10_T,6,0.6666666666666666,-10.666666666666666,1.0,0.0
