game_id,mean_contribution_rate,mean_payoff,punishment_rate,reward_rate,normalized_efficiency,total_payoff
2602091801-VALIDATION_10_T,0.7527777777777778,11.327777777777776,0.8333333333333334,0.0,-0.4817901234567902,203.89999999999998
