game_id,mean_contribution_rate,mean_payoff,punishment_rate,reward_rate,normalized_efficiency,total_payoff
2602091801-VALIDATION_15_T,0.7769230769230769,-69.96923076923076,0.8076923076923077,0.6846153846153846,-2.1868131868131866,-9096.0
2602100103-VALIDATION_15_T,0.2087912087912088,-54.26373626373626,0.8296703296703297,0.15384615384615385,-2.320741758241758,-9876.0
