game_id,mean_contribution_rate,mean_payoff,punishment_rate,reward_rate,normalized_efficiency,total_payoff
2602091801-VALIDATION_14_T,0.9535087719298245,35.21228070175439,0.008771929824561403,0.9912280701754386,0.950767543859649,4014.2
