game_id,player_id,mean_contribution_rate,mean_payoff,punishment_rate,reward_rate
2602091801-VALIDATION_3_C,MONKEY,0.825,37.5076923076923,0.0,1.0
2602091801-VALIDATION_3_C,PINGUIN,1.0,89.5,0.0,1.0
2602091801-VALIDATION_3_C,CHICKEN,0.5,39.23076923076923,0.0,0.7307692307692307
2602091801-VALIDATION_3_C,ELEPHANT,0.0,20.0,0.0,0.0
2602091801-VALIDATION_3_C,PARROT,0.7211538461538461,46.07692307692307,0.0,0.8076923076923077
2602091801-VALIDATION_3_C,HORSE,1.0,85.38461538461539,0.0,1.0
