method,seed_state,run,n_pairs,mse,rmse,r2_custom,train_n_rows,train_rank,train_cond
adaptive_bo_gp_ei,57,0,10,0.012160843795987447,0.11027621591253232,-1.3916322871511064,10,10,inf
adaptive_bo_gp_ei,57,0,20,0.011946088571376728,0.10929816362307615,-1.3493970987357389,20,14,inf
adaptive_bo_gp_ei,57,0,30,0.010556077173012095,0.10274277187720844,-1.0760282276600472,30,14,inf
adaptive_bo_gp_ei,57,0,40,0.0067484619532951606,0.08214902283834641,-0.32719733653983596,40,14,inf
adaptive_bo_gp_ei,57,0,50,0.0038646680649506737,0.06216645449879439,0.23994871751353575,50,14,inf
adaptive_bo_gp_ei,57,0,60,0.003997213313752951,0.06322351867582941,0.21388148880292612,60,14,inf
