method,seed_state,n_pairs,rmse_mean,rmse_p10,rmse_p90,r2_mean,r2_p10,r2_p90,train_rank_min,train_cond_median
random_addition,57,10,0.11027621591253232,0.11027621591253232,0.11027621591253232,-1.3916322871511064,-1.3916322871511064,-1.3916322871511064,10,inf
random_addition,57,20,0.10607778010875368,0.07547717591202438,0.1369377324799988,-1.422749835188392,-2.688213576466021,-0.12038783255873893,14,inf
random_addition,57,30,0.09228748993349503,0.06651018206008497,0.12055689300789713,-0.80023538781185,-1.8583500756817792,0.13000107895247812,14,inf
random_addition,57,40,0.08217336912101934,0.0594669528343105,0.1065879946301871,-0.3949724984293723,-1.2343522637228648,0.3044756524713139,14,inf
random_addition,57,50,0.07667099075005589,0.05841104840765576,0.09773308353988022,-0.20044460526665497,-0.8785489304723687,0.329002772626154,14,inf
random_addition,57,60,0.07261979222500202,0.0569576458868608,0.09027308274485583,-0.07301520718081306,-0.6026872664488423,0.3619792358265883,14,inf
