method,seed_state,n_pairs,rmse_mean,rmse_p10,rmse_p90,r2_mean,r2_p10,r2_p90,train_rank_min,train_cond_median
random_addition,45,10,0.11788804030521179,0.11788804030521179,0.11788804030521179,-1.7331923366181128,-1.7331923366181128,-1.7331923366181128,10,inf
random_addition,45,20,0.10979465435302266,0.08488045407599207,0.141334721742988,-1.4694356465543563,-2.928587353027916,-0.4169233592163028,14,inf
random_addition,45,30,0.09433515969967926,0.07016742853441114,0.12485502118582452,-0.8457857073691138,-2.0658905677813686,0.03171678604312428,14,inf
random_addition,45,40,0.08116299146521996,0.06257551107881482,0.10504184206759815,-0.3458122972246362,-1.1699823287143716,0.22990105608543704,14,inf
random_addition,45,50,0.07338855741583901,0.0577808710197597,0.09116971821776604,-0.09266432472943574,-0.6346795267924429,0.3434021455794933,14,inf
random_addition,45,60,0.06921031553145421,0.05473077115832211,0.08622830676664046,0.027535666284955282,-0.4622821612948542,0.41089347357819833,14,inf
