n_rows,predicted_contribution_parsed,contrib_mae,contrib_rmse,contrib_bias,contrib_corr,action_exact_match,target_set_exact,target_precision,target_recall,target_f1,target_jaccard,target_hit_any,unit_mae_on_overlap,unit_exact_on_overlap_rate,actual_any_action_rate,pred_any_action_rate,actual_any_punish_rate,pred_any_punish_rate,actual_any_reward_rate,pred_any_reward_rate
4609,1.0,9.362768496420047,12.307436273769293,-5.868301149924061,-0.007617635186208144,0.7324799305706227,0.7324799305706227,0.7358429160338468,0.7335918854415274,0.7340515514956825,0.7335557243075143,0.7359513994358863,0.13043478260869565,0.9130434782608695,0.19592102408331524,0.09676719461922326,0.07094814493382512,0.04838359730961163,0.12996311564330656,0.05142113256671729
