method,seed_state,run,n_pairs,mse,rmse,r2_custom,train_n_rows,train_rank,train_cond
adaptive_bo_gp_ei,61,0,10,0.04709180683645126,0.2170064672687228,-8.261387415197444,10,10,inf
adaptive_bo_gp_ei,61,0,20,0.025527967429651466,0.1597747396482043,-4.0204995767021785,20,14,inf
adaptive_bo_gp_ei,61,0,30,0.02726997741156374,0.16513623894095367,-4.363094826437694,30,14,inf
adaptive_bo_gp_ei,61,0,40,0.016003944636303342,0.1265066979898825,-2.147442016037664,40,14,inf
adaptive_bo_gp_ei,61,0,50,0.009043189538942677,0.09509568622678254,-0.7784937001903385,50,14,inf
adaptive_bo_gp_ei,61,0,60,0.004744819751959604,0.06888265203924428,0.06685224266730583,60,14,inf
