method,seed_state,n_pairs,rmse_mean,rmse_p10,rmse_p90,r2_mean,r2_p10,r2_p90,train_rank_min,train_cond_median
random_addition,61,10,0.21700646726872277,0.2170064672687228,0.2170064672687228,-8.261387415197444,-8.261387415197444,-8.261387415197444,10,inf
random_addition,61,20,0.14480293719629564,0.11025161559186095,0.18261176292032955,-3.2680194370739044,-5.558284280556376,-1.3906073928072957,14,inf
random_addition,61,30,0.10869534457424239,0.08273692598692241,0.1398615951267959,-1.4196601372945392,-2.847174169193646,-0.3462622364071179,14,inf
random_addition,61,40,0.09343416060539994,0.07178719904350175,0.11770049094876191,-0.7842064483025913,-1.7245248591357742,-0.013502245674925596,14,inf
random_addition,61,50,0.08221402651029804,0.06482818720280295,0.1024574142169092,-0.3767469684188216,-1.0645123257738733,0.17346848144430113,14,inf
random_addition,61,60,0.07526446318262131,0.06021444326208774,0.09481544258617082,-0.14790618381039322,-0.7680309578850479,0.28693011126905504,14,inf
