method,seed_state,run,n_pairs,mse,rmse,r2_custom,train_n_rows,train_rank,train_cond
adaptive_llm_rerank_gp_ei,55,0,10,0.006442055135027272,0.0802624142113061,-0.2669373371626118,10,10,inf
adaptive_llm_rerank_gp_ei,55,0,20,0.010229287743043464,0.10113994138342905,-1.0117596485281815,20,14,inf
adaptive_llm_rerank_gp_ei,55,0,30,0.005184746260243808,0.07200518217631151,-0.01966662549982856,30,14,inf
adaptive_llm_rerank_gp_ei,55,0,40,0.003237639589094488,0.05690026000902358,0.36326430095319906,40,14,inf
adaptive_llm_rerank_gp_ei,55,0,50,0.0026454027576459207,0.05143347895725041,0.47973752859220686,50,14,inf
adaptive_llm_rerank_gp_ei,55,0,60,0.002984000389510114,0.05462600470023516,0.41314667007081807,60,14,inf
