method,seed_state,n_pairs,rmse_mean,rmse_p10,rmse_p90,r2_mean,r2_p10,r2_p90,train_rank_min,train_cond_median
random_addition,55,10,0.0802624142113061,0.0802624142113061,0.0802624142113061,-0.2669373371626118,-0.2669373371626118,-0.2669373371626118,10,inf
random_addition,55,20,0.09725269597176384,0.07379697227169772,0.12654824544523666,-0.9621813632311708,-2.1495337995597428,-0.07104753727504289,14,inf
random_addition,55,30,0.09197494687686829,0.07048171770652985,0.11765106938376944,-0.7543450299899324,-1.7222234343027012,0.0230237535787584,14,inf
random_addition,55,40,0.0815500829295992,0.06281512659004998,0.1064535678188223,-0.3651808717003536,-1.228701820381914,0.22400420665737114,14,inf
random_addition,55,50,0.07555876516951289,0.05767536778125076,0.09621625783430866,-0.16921775680456735,-0.8206571985180596,0.3457980159965673,14,inf
random_addition,55,60,0.07229143169321697,0.05605268924943946,0.09099161624264443,-0.06305468588495805,-0.6283077932432001,0.382091315254052,14,inf
