metric,num_treatments,mae,rmse,spearman
mean_round_normalized_efficiency,40,0.19155870657955454,0.2466475658326952,0.05609756097560976
mean_total_contribution_rate,40,0.15908711525953714,0.20415239885668135,0.20393996247654786
