CONFIG_allOrNothing,n_rows,predicted_contribution_parsed,contrib_mae,contrib_mae_norm20,contrib_rmse,contrib_bias,contrib_corr,contrib_binary_n,contrib_binary_accuracy,contrib_binary_precision,contrib_binary_recall,contrib_binary_f1
False,2544,1.0,8.600235849056604,0.4300117924528302,10.363954679743326,-5.560141509433962,0.0349628691406166,0,,,,
True,2122,1.0,9.934024505183789,0.49670122525918947,14.095406702315325,-6.013195098963243,0.008257168875897836,2122,0.5032987747408105,0.8039585296889726,0.5020600353148911,0.6181159420289856
