method,seed_state,run,n_pairs,mse,rmse,r2_custom,train_n_rows,train_rank,train_cond
adaptive_llm_rerank_gp_ei,42,0,10,0.00962854819961681,0.0981251659851682,-0.8936142210947935,10,10,inf
adaptive_llm_rerank_gp_ei,42,0,11,0.009825561493861391,0.099123970329388,-0.9323601636805219,11,11,inf
adaptive_llm_rerank_gp_ei,42,0,12,0.004509443982625131,0.06715239372222803,0.11314280432546153,12,12,inf
adaptive_llm_rerank_gp_ei,42,0,13,0.007453102061895004,0.086331350400043,-0.46577653900480853,13,13,inf
adaptive_llm_rerank_gp_ei,42,0,14,0.008874283949234936,0.09420341792756214,-0.7452756054098906,14,14,inf
adaptive_llm_rerank_gp_ei,42,0,15,0.009461594892844783,0.09727072988748868,-0.8607800752393575,15,14,inf
