method,seed_state,n_pairs,rmse_mean,rmse_p10,rmse_p90,r2_mean,r2_p10,r2_p90,train_rank_min,train_cond_median
random_addition,42,10,0.0981251659851682,0.0981251659851682,0.0981251659851682,-0.8936142210947935,-0.8936142210947935,-0.8936142210947935,10,inf
random_addition,42,11,0.09560080288569645,0.08840858597813421,0.10178028128659827,-0.8072251580149191,-1.0379682750422534,-0.5418108835415011,11,inf
random_addition,42,12,0.10569993265605702,0.09336042073891121,0.11685660044354994,-1.2263875812654226,-1.6888800398135981,-0.7256838466951415,12,inf
random_addition,42,13,0.10734999715954363,0.09024172021674796,0.13028299938350915,-1.3693555400434512,-2.4072741629272225,-0.6018869883999471,13,inf
random_addition,42,14,0.10665429032347422,0.0898659341395926,0.12906873903842114,-1.3352741476614012,-2.3416476727455273,-0.5886219777195234,14,inf
random_addition,42,15,0.10135684610883262,0.0822804865938587,0.11991236454058449,-1.0930933899764694,-1.8425006799271273,-0.35186660029918915,14,inf
