run_id,run_label,CONFIG_allOrNothing,n_rows,predicted_contribution_parsed,contrib_mae,contrib_mae_norm20,contrib_rmse,contrib_bias,contrib_corr,contrib_binary_n,contrib_binary_accuracy,contrib_binary_precision,contrib_binary_recall,contrib_binary_f1
oracle_archetype/2602270203,oracle archetype,False,2715,0.9985267034990792,2.710865561694291,0.13554327808471456,5.3925123724405575,0.027992633517495397,0.639463200413871,0,,,,
oracle_archetype/2602270203,oracle archetype,True,2158,0.9986098239110287,4.402224281742354,0.2201112140871177,9.383202312369006,-0.7877664504170528,0.4753083950153808,2158,0.7798887859128822,0.8678861788617886,0.820627802690583,0.8435956536055318
random_archetype/2602270902,random archetype,False,2727,0.9937660432709937,3.785111844517785,0.18925559222588925,6.909494007818354,0.17455078841217456,0.4351758802131764,0,,,,
random_archetype/2602270902,random archetype,True,2407,0.9995845450768591,5.176568342334857,0.2588284171167428,10.17503645431785,-0.04154549231408392,0.3481931756333409,2407,0.7411715828832571,0.8231253577561534,0.8207762557077626,0.8219491283223778
retrieved_archetype/2602270212,retrieved archetype,False,2727,0.9970663733039971,3.227356068940227,0.16136780344701135,6.002169269266489,0.5592225889255592,0.5308464755347512,0,,,,
retrieved_archetype/2602270212,retrieved archetype,True,2431,0.9995886466474702,4.409707939119704,0.22048539695598518,9.391174515596763,1.8922254216371863,0.38606821793521845,2431,0.7795146030440148,0.8088822355289421,0.9137542277339347,0.8581259925886713
