model,folds_ok,fit_eval_seconds_mean,pred_true_cosine_mean_mean,pred_true_cosine_mean_std,retrieved_true_cosine_mean_mean,retrieved_true_cosine_mean_std,oracle_true_cosine_mean_mean,oracle_true_cosine_mean_std,retrieval_cosine_regret_mean_mean,retrieval_cosine_regret_mean_std,oracle_hit_at_1_mean,oracle_hit_at_1_std,oracle_hit_at_5_mean,oracle_hit_at_5_std,embedding_mse_mean_mean,embedding_mse_mean_std
linear,5,1.24644,0.8859847187995911,0.0036683079376806926,0.8367581725120544,0.005390755416844512,0.9065151453018189,0.0017541097138362824,0.06975698471069336,0.005906269702150897,0.009794616426833106,0.008726988636289564,0.04560006549671553,0.02149004396860766,0.00014011214952915906,4.255979363711434e-06
mean,5,0.10537999999999999,0.8835349678993225,0.0036625583419725256,0.8311324000358582,0.004977077706376505,0.9065151453018189,0.0017541097138362824,0.07538270652294159,0.0058132645137290075,0.007591133542665973,0.004327325217781629,0.019589297066132418,0.010162042196909993,0.00014282140182331204,4.211545217463406e-06
ridge,5,0.21913999999999997,0.8868988990783692,0.0037223306036841485,0.837934958934784,0.0062064816514393545,0.9065151453018189,0.0017541097138362824,0.06858016327023506,0.0064080499966237105,0.011944963495212962,0.007973441963186507,0.048878689808839484,0.01773255597876563,0.0001389604149153456,4.321551254312165e-06
