model,folds_ok,fit_eval_seconds_mean,pred_true_cosine_mean_mean,pred_true_cosine_mean_std,retrieved_true_cosine_mean_mean,retrieved_true_cosine_mean_std,oracle_true_cosine_mean_mean,oracle_true_cosine_mean_std,retrieval_cosine_regret_mean_mean,retrieval_cosine_regret_mean_std,oracle_hit_at_1_mean,oracle_hit_at_1_std,oracle_hit_at_5_mean,oracle_hit_at_5_std,embedding_mse_mean_mean,embedding_mse_mean_std
linear,5,1.34354,0.9040700912475585,0.002228196348117373,0.8585057020187378,0.002417160090250161,0.9177080631256104,0.0016653175278380052,0.059202400594949724,0.0028468064325976065,0.009361883721502004,0.0013534913028550894,0.036893518335005024,0.007882636135647814,0.00011892069160239771,2.6329783908518837e-06
mean,5,0.13384000000000001,0.8964529275894165,0.0015589110996009996,0.8489516139030456,0.0029609810875013604,0.9177080631256104,0.0016653175278380052,0.06875645518302917,0.0022717125428921934,0.0077120100726328755,0.004735909656148954,0.01982114654138763,0.006113516727156731,0.0001278475421713665,1.8206773076696483e-06
ridge,5,0.28053999999999996,0.9044014573097229,0.0021407077479645275,0.8588102221488952,0.0024019221442499374,0.9177080631256104,0.0016653175278380052,0.05889786332845688,0.002843885091777297,0.008810911171533976,0.002058754810658051,0.035790067959831896,0.007950015862946634,0.00011852221941808239,2.5295223293052115e-06
