run_id,label,n_games,mae_normalized_efficiency,rmse_normalized_efficiency,corr_normalized_efficiency,mean_human_normalized_efficiency,mean_sim_normalized_efficiency
260310_valraw417_algorithmic_latent_family,algorithmic_latent_family,40,0.5095106862471906,0.6816358190683923,0.2977733743065975,0.6953506016417896,0.2025823626628264
260310_valraw417_archetype_cluster,archetype_cluster,40,0.10605429369221517,0.12410245622608498,0.6911820853747408,0.6953506016417896,0.6108954095407455
260309_val40_treatment_avg_random_baseline,random_baseline,40,0.20714353093486676,0.22574607187091272,0.2864026073371947,0.6953506016417896,0.5061666661688179
