metric,sim_rmse,sim_mae,sim_corr,linear_rmse,linear_mae,linear_corr,rmse,mae,corr
contribution_rate,0.2396711652997996,0.21676906818443706,0.16105341255918898,0.09479541681296418,0.07236808987372503,0.4321107452891707,0.2396711652997996,0.21676906818443706,0.16105341255918898
punishment_rate,0.0711058151502311,0.03851248258530203,0.8206473421596335,0.03969937578745359,0.025902314052723308,0.9138595296401063,0.0711058151502311,0.03851248258530203,0.8206473421596335
reward_rate,0.12566077347970236,0.06826084884945113,0.6720016258480688,0.0798634284129528,0.04809542937958733,0.8705613569545549,0.12566077347970236,0.06826084884945113,0.6720016258480688
normalized_efficiency,0.2209022136443653,0.2011994052651506,0.3896952301492552,0.12298100280280917,0.09822393526144013,0.4475741664090286,0.2209022136443653,0.2011994052651506,0.3896952301492552
