game_id,player_id,mean_contribution_rate,mean_payoff,punishment_rate,reward_rate
VALIDATION_14_C,SNAKE,0.5,21.05263157894737,0.0,1.0
VALIDATION_14_C,FROG,0.5,4.105263157894737,0.0,0.9473684210526315
VALIDATION_14_C,GORILLA,0.5,8.526315789473685,0.0,1.0
VALIDATION_14_C,DOG,0.5,51.05263157894737,0.0,1.0
VALIDATION_14_C,CHICK,0.5,54.63157894736842,0.0,0.47368421052631576
VALIDATION_14_C,WALRUS,0.5,28.63157894736842,0.0,1.0
