source,metric,n_games,mae,rmse,bias,corr
no archetype 27B,contribution_shift,24,0.1863869925102107,0.24822737267947406,0.02992202254880434,-0.09137734199737385
no archetype 12B,contribution_shift,24,0.15063257965738777,0.19713662737123822,0.02516251538524016,0.06261733789339546
