source,metric,n_games,mae,rmse,bias,corr
no archetype 27B,contribution_rate,24,0.28958309433514656,0.3337503623698891,-0.060851164552656545,-0.10139021700370295
no archetype 27B,punishment_rate,15,0.3265621626968376,0.39826609519424166,0.1327526388873138,-0.048193615172291766
no archetype 27B,reward_rate,12,0.5868008911945293,0.6152372112052009,0.5868008911945293,0.31013038830735695
no archetype 27B,normalized_efficiency,24,0.4011155026121662,0.472315523140061,-0.058056444146319656,-0.3570730310009102
no archetype 12B,contribution_rate,24,0.22990255095601517,0.29417171754539706,0.10542032653603274,-0.09256588641225286
no archetype 12B,punishment_rate,15,0.28085658464915425,0.3169621578555446,0.08770233149490117,0.2759008118285252
no archetype 12B,reward_rate,12,0.6650222686928454,0.6981920254957473,0.6650222686928454,-0.23907906048167582
no archetype 12B,normalized_efficiency,24,0.30774096118977434,0.37826904876373363,0.12026088294525883,-0.03165302909304973
