treatment_name,n_rows,exact_match_rate,delegation_match_rate,scenario_exact_match_rate,scenario_field_match_rate,numeric_direct_abs_error_mean
ODP,50,0.0,0.3942857142857143,0.02,0.4242857142857143,1.7133333333333332
ODU,50,0.0,0.4914285714285714,0.06,0.4714285714285715,1.56
TDP,50,0.0,0.3857142857142857,0.006666666666666666,0.3980952380952381,1.6971428571428568
TDU,50,0.0,0.3685714285714286,0.013333333333333332,0.38666666666666655,1.6666666666666665
TRP,50,0.0,1.0,0.0,0.44952380952380955,1.6044444444444446
TRU,50,0.0,1.0,0.0,0.4266666666666666,1.742222222222222
