method,seed_state,run,n_pairs,mse,rmse,r2_custom,train_n_rows,train_rank,train_cond
adaptive_bo_gp_ei,43,0,10,0.011546650107412645,0.10745534006001119,-1.2708408781993192,10,10,inf
adaptive_bo_gp_ei,43,0,20,0.007215395594747218,0.08494348471040741,-0.4190276068391925,20,14,inf
adaptive_bo_gp_ei,43,0,30,0.00413369155959581,0.0642937909879003,0.18704077077978798,30,14,inf
adaptive_bo_gp_ei,43,0,40,0.003613161148064851,0.0601095761760541,0.289411737757611,40,14,inf
adaptive_bo_gp_ei,43,0,50,0.003694187472322754,0.06077982784051592,0.2734765628260559,50,14,inf
adaptive_bo_gp_ei,43,0,60,0.002919781005519353,0.05403499796908808,0.42577648053380057,60,14,inf
