method,seed_state,n_pairs,rmse_mean,rmse_p10,rmse_p90,r2_mean,r2_p10,r2_p90,train_rank_min,train_cond_median
random_addition,43,10,0.10745534006001119,0.10745534006001119,0.10745534006001119,-1.2708408781993192,-1.2708408781993192,-1.2708408781993192,10,inf
random_addition,43,20,0.08800492938066128,0.06638576568118261,0.11377291299870974,-0.6068864471288112,-1.545707538171507,0.13327556899796753,14,inf
random_addition,43,30,0.08433429536789258,0.05957376846845141,0.10898749615794416,-0.4910364553324607,-1.3361061696011185,0.3020227891283614,14,inf
random_addition,43,40,0.07687877918017227,0.05773960308581949,0.09794386595533511,-0.20956432478806938,-0.8866286182905428,0.3443387189161661,14,inf
random_addition,43,50,0.07193732068286432,0.05391398127696267,0.09103930677882055,-0.058021160651503874,-0.6300113337501005,0.4283406510805915,14,inf
random_addition,43,60,0.06838041666568219,0.05159507276768442,0.0872013001431831,0.04647843376095673,-0.4954680605842986,0.4764600743811073,14,inf
