mechanism,actual_row_rate,predicted_row_rate_before,predicted_row_rate_after,scale
punish,0.17110455284013662,0.41474703924305867,0.17110455284045906,0.13762850041712227
reward,0.1768545783517224,0.9106284070544366,0.1768545783558644,0.030050634838517
