split,model,mean_family_mae,max_family_mae,avg_l1_distance,avg_js_divergence,top_family_accuracy
learning_game,dirichlet_env_family,0.02565411835707324,0.03884496139349249,0.20523294685658594,0.012140176389933331,0.644808743169399
validation_game,dirichlet_env_family,0.032958190161075734,0.054437771115610295,0.263665521288606,0.019761427234520294,0.5419664268585132
validation_game,mean_family_baseline,0.03882591893726592,0.06823134741606882,0.3106073514981273,0.025777645290057685,0.44844124700239807
learning_treatment,dirichlet_env_family,0.025044367084264614,0.037390896887652535,0.20035493667411694,0.011354164138957713,0.646551724137931
validation_treatment,dirichlet_env_family,0.020511310095627476,0.03510379620149484,0.16409048076501978,0.007434836149296348,0.575
validation_treatment,mean_family_baseline,0.029833367267431517,0.058243556806280405,0.2386669381394521,0.013391611030434434,0.3
