method,seed_state,n_pairs,rmse_mean,rmse_p10,rmse_p90,r2_mean,r2_p10,r2_p90,train_rank_min,train_cond_median
random_addition,49,10,0.09854763333620391,0.09854763333620391,0.09854763333620391,-0.9099548267218691,-0.9099548267218691,-0.9099548267218691,10,inf
random_addition,49,20,0.09908306840831603,0.07744281270711685,0.11999485696721433,-0.9964446746000377,-1.8317568713989494,-0.17951222364080313,14,inf
random_addition,49,30,0.08662239833048144,0.06861687069740748,0.1064231036027939,-0.5250715025225919,-1.2274594322333645,0.07403404727865806,14,inf
random_addition,49,40,0.07845824009765283,0.06159114150229919,0.09511488035221703,-0.24857038601880063,-0.7792227601354378,0.2539510505813745,14,inf
random_addition,49,50,0.07214998823276188,0.05730815739076241,0.0882524608932445,-0.051716923948493025,-0.5317388009337295,0.3541020917789353,14,inf
random_addition,49,60,0.06780261140743062,0.05349993545704231,0.08373786507280312,0.07247801410478588,-0.379038885317787,0.4370906764182219,14,inf
