game_id,player_id,mean_contribution_rate,mean_payoff,punishment_rate,reward_rate
2601311619-VALIDATION_19_C,MONKEY,1.0,47.172413793103445,0.0,1.0
2601311619-VALIDATION_19_C,ELEPHANT,0.8620689655172413,25.310344827586206,0.0,1.0
2601311619-VALIDATION_19_C,WHALE,0.8810344827586207,30.648275862068964,0.0,0.9310344827586207
2601311619-VALIDATION_19_C,FROG,1.0,15.172413793103448,0.0,1.0
