{
  "seed_state": 42,
  "seed_ids": [
    "3",
    "20",
    "23",
    "25",
    "67",
    "90",
    "116",
    "129",
    "173",
    "179"
  ],
  "n_values": [
    10,
    11,
    12,
    13,
    14,
    15,
    16,
    17,
    18,
    19,
    20,
    21,
    22,
    23,
    24,
    25,
    26,
    27,
    28,
    29,
    30,
    31,
    32,
    33,
    34,
    35,
    36,
    37,
    38,
    39,
    40,
    41,
    42,
    43,
    44,
    45,
    46,
    47,
    48,
    49,
    50,
    51,
    52,
    53,
    54,
    55,
    56,
    57,
    58,
    59,
    60,
    61,
    62,
    63,
    64,
    65,
    66,
    67,
    68,
    69,
    70,
    71,
    72,
    73,
    74,
    75,
    76,
    77,
    78,
    79,
    80,
    81,
    82,
    83,
    84,
    85,
    86,
    87,
    88,
    89,
    90,
    91,
    92,
    93,
    94,
    95,
    96,
    97,
    98,
    99,
    100,
    101,
    102,
    103,
    104,
    105,
    106,
    107,
    108,
    109,
    110,
    111,
    112,
    113,
    114,
    115,
    116,
    117,
    118,
    119,
    120,
    121,
    122,
    123,
    124,
    125,
    126,
    127,
    128,
    129,
    130,
    131,
    132,
    133,
    134,
    135,
    136,
    137,
    138,
    139,
    140,
    141,
    142,
    143,
    144,
    145,
    146,
    147,
    148,
    149,
    150
  ],
  "step": 1,
  "methods": [
    "random",
    "bo",
    "llm"
  ],
  "random_runs": 200,
  "features": [
    "CONFIG_playerCount",
    "CONFIG_numRounds",
    "CONFIG_showNRounds",
    "CONFIG_allOrNothing",
    "CONFIG_chat",
    "CONFIG_defaultContribProp",
    "CONFIG_punishmentCost",
    "CONFIG_punishmentTech",
    "CONFIG_rewardExists",
    "CONFIG_rewardCost",
    "CONFIG_rewardTech",
    "CONFIG_showOtherSummaries",
    "CONFIG_showPunishmentId",
    "CONFIG_showRewardId",
    "CONFIG_MPCR",
    "control_itt_efficiency"
  ],
  "target": "treatment_itt_efficiency",
  "regression_model": "ridge",
  "ridge_alpha": 1.0,
  "bo_acquisition": "ei",
  "llm": {
    "provider": "openai",
    "model": "gpt-4o-mini",
    "shortlist_k": 20,
    "temperature": 0.0,
    "top_p": 1.0,
    "max_output_tokens": 700,
    "max_context_chars": 120000,
    "overflow_policy": "trim_oldest",
    "init_error": "missing_api_key_env:OPENAI_API_KEY"
  },
  "baseline_mse_zero_treatment_effect": 0.005084746455933386,
  "full_data_anchor": {
    "mse": 0.0026800483819562917,
    "rmse": 0.05176918370958047,
    "r2_custom": 0.47292389007342817
  },
  "output_dir": "/Users/robinna/Documents/projects/MultiAgent_LLM/PGG-finetuning/benchmark_sequential/results/results_learning_curve_ridge_random_bo_llm_gp_ei_rs42_n10_to_150_step1_fixed42"
}