treatment_name,n_rows,exact_match_rate,delegation_match_rate,scenario_exact_match_rate,scenario_field_match_rate,numeric_direct_abs_error_mean
ODP,50,0.0,0.5057142857142857,0.0,0.37714285714285706,1.541
ODU,50,0.0,0.48857142857142855,0.0,0.3671428571428571,1.4126666666666667
TDP,50,0.0,0.537142857142857,0.0,0.36761904761904757,1.843333333333333
TDU,50,0.0,0.5714285714285714,0.0,0.37999999999999995,1.7098809523809522
TRP,47,0.0,1.0,0.0070921985815602835,0.48024316109422505,1.6241134751773052
TRU,45,0.0,1.0,0.0,0.4486772486772485,1.646913580246914
