source,active_games,total_messages,messages_per_chat_enabled_game,messages_per_game_round,median_unique_speakers_per_game_round,mean_speaker_share_per_round,mean_messages_per_player_game,mean_words_per_message,mean_chars_per_message,unique_message_share
human,17,998,49.9,3.3377926421404682,3.0,0.38563515001376275,8.75438596491228,4.546092184368738,22.63426853707415,0.9128256513026052
oracle archetype,20,2047,102.35,6.846153846153846,6.0,0.8516491356816699,14.415492957746478,10.090864680019541,65.29946262823644,0.7283829995114802
retrieved archetype,20,2166,108.3,7.2441471571906355,6.0,0.8811138014527845,15.471428571428572,10.750692520775623,70.25992613111727,0.7340720221606648
