method,seed_state,n_pairs,rmse_mean,rmse_p10,rmse_p90,r2_mean,r2_p10,r2_p90,train_rank_min,train_cond_median
random_addition,46,10,0.09523277651200933,0.09523277651200933,0.09523277651200933,-0.7836251621953297,-0.7836251621953298,-0.7836251621953298,10,inf
random_addition,46,20,0.09056404719183102,0.06795035231164265,0.11668666100633562,-0.7409969912091134,-1.6778335419944472,0.09193979585398498,14,inf
random_addition,46,30,0.08413798767256489,0.062009138731092074,0.10851593105539499,-0.46951276398647496,-1.315896832535367,0.24377680114443223,14,inf
random_addition,46,40,0.07801013402860321,0.057701855456023035,0.09696941771747844,-0.25556307075065193,-0.8493555391223778,0.3451975769950697,14,inf
random_addition,46,50,0.0726316578908275,0.05435581775803377,0.09301088244520453,-0.08532289483484556,-0.7014056166592396,0.4189375410380975,14,inf
random_addition,46,60,0.06862831815992322,0.05221035505128106,0.08640670480004814,0.034088941501768416,-0.4683713121971709,0.4638993768185141,14,inf
