metric,num_treatments,mae,rmse,spearman
mean_round_normalized_efficiency,40,0.3209097115874635,0.377159195924569,0.05497185741088181
mean_total_contribution_rate,40,0.27874740857537217,0.32526955483639985,0.2654784240150094
