metric_family,metric,distance_kind,bootstrap_mean,bootstrap_median,bootstrap_p05,bootstrap_p95,n_treatments,model_score,median_value
distribution_distance,final_surplus_ratio,wasserstein_1d,0.08725655395523256,0.0827403002395067,0.0517564597026751,0.14177398863032345,2,0.3028953827709196,0.3028953827709196
distribution_distance,proposer_net_surplus,wasserstein_1d,0.2569771437198068,0.24727958937198063,0.15754770531400972,0.3864098228663446,2,1.2086151368760065,1.2086151368760065
distribution_distance,trade_ratio,wasserstein_1d,0.06285087575272509,0.059935046781363216,0.04028068207959513,0.09588417045135039,2,0.3648413954648858,0.3648413954648858
distribution_distance,acceptance_rate,wasserstein_1d,0.04688285024154589,0.04368961352657004,0.011205716586151384,0.09444947665056358,2,0.13266908212560383,0.13266908212560383
