metric_family,metric,distance_kind,bootstrap_mean,bootstrap_median,bootstrap_p05,bootstrap_p95,n_treatments,model_score,median_value
distribution_distance,final_surplus_ratio,wasserstein_1d,0.08562392691205313,0.0826449959712878,0.059730014275326974,0.11743620416580036,6,0.2029611377001427,0.19631212024563893
distribution_distance,proposer_net_surplus,wasserstein_1d,0.21294542648709314,0.2116161616161616,0.1546566358024691,0.27558186026936027,6,1.0972783389450054,1.1159722222222221
distribution_distance,trade_ratio,wasserstein_1d,0.06800560471335934,0.06684801036482681,0.05297262210626864,0.0865430017639304,6,0.22038370038438126,0.21351736612153277
distribution_distance,acceptance_rate,wasserstein_1d,0.04331579685746353,0.04356060606060608,0.021499719416386075,0.0663299663299663,6,0.378577441077441,0.375
