method,seed_state,run,n_pairs,mse,rmse,r2_custom,train_n_rows,train_rank,train_cond
adaptive_bo_gp_ei,44,0,10,0.02596358163348152,0.16113218683267946,-4.106170358442286,10,10,inf
adaptive_bo_gp_ei,44,0,20,0.019617521549726038,0.14006256298428227,-2.858112045455948,20,14,inf
adaptive_bo_gp_ei,44,0,30,0.011653719593670595,0.10795239503443449,-1.2918978742926073,30,14,inf
adaptive_bo_gp_ei,44,0,40,0.0082341246228993,0.0907420774662962,-0.6193776217280034,40,14,inf
adaptive_bo_gp_ei,44,0,50,0.005433403526021081,0.07371162409024157,-0.0685692144356278,50,14,inf
adaptive_bo_gp_ei,44,0,60,0.0033476383296905977,0.057858779192881335,0.3416312182519461,60,14,inf
