method,seed_state,n_pairs,rmse_mean,rmse_p10,rmse_p90,r2_mean,r2_p10,r2_p90,train_rank_min,train_cond_median
random_addition,44,10,0.16113218683267946,0.16113218683267946,0.16113218683267946,-4.106170358442286,-4.106170358442286,-4.106170358442286,10,inf
random_addition,44,20,0.11851296251457001,0.09015641602611511,0.15302242807752,-1.9084933223981073,-3.6051313845407895,-0.5985418513892782,14,inf
random_addition,44,30,0.08999969693063876,0.06660945542115991,0.1132728895688574,-0.655995986779645,-1.5237375721811093,0.12742539933552854,14,inf
random_addition,44,40,0.08007850957105923,0.06038241048577518,0.09929455721302294,-0.3118303722711505,-0.9390187798422774,0.2829434343113005,14,inf
random_addition,44,50,0.07342210721229812,0.05721615399428978,0.09045311094558421,-0.1008999977565782,-0.6090896835074857,0.3561707471619681,14,inf
random_addition,44,60,0.06861062049959946,0.05396249570153935,0.08276864154945864,0.044671959343327856,-0.3472948561365334,0.4273158838768621,14,inf
