roundIndex,n_rows,predicted_contribution_parsed,contrib_mae,contrib_rmse,contrib_bias,contrib_corr,action_exact_match,target_set_exact,target_precision,target_recall,target_f1,target_jaccard,target_hit_any,unit_mae_on_overlap,unit_exact_on_overlap_rate,actual_any_action_rate,pred_any_action_rate,actual_any_punish_rate,pred_any_punish_rate,actual_any_reward_rate,pred_any_reward_rate
2,9,1.0,15.555555555555555,17.638342073763937,-11.11111111111111,-0.5,0.6666666666666666,0.6666666666666666,0.6666666666666666,0.6666666666666666,0.6666666666666666,0.6666666666666666,0.6666666666666666,,,0.3333333333333333,0.1111111111111111,0.3333333333333333,0.1111111111111111,0.0,0.0
3,9,1.0,15.555555555555555,17.638342073763937,-11.11111111111111,-0.5,0.5555555555555556,0.5555555555555556,0.5555555555555556,0.5555555555555556,0.5555555555555556,0.5555555555555556,0.5555555555555556,,,0.4444444444444444,0.0,0.4444444444444444,0.0,0.0,0.0
4,9,1.0,11.11111111111111,14.907119849998598,-11.11111111111111,0.24999999999999997,0.4444444444444444,0.4444444444444444,0.4444444444444444,0.4444444444444444,0.4444444444444444,0.4444444444444444,0.4444444444444444,,,0.4444444444444444,0.2222222222222222,0.4444444444444444,0.2222222222222222,0.0,0.0
5,9,1.0,11.11111111111111,14.907119849998598,-6.666666666666667,-0.3162277660168379,0.4444444444444444,0.4444444444444444,0.4444444444444444,0.4444444444444444,0.4444444444444444,0.4444444444444444,0.4444444444444444,,,0.4444444444444444,0.1111111111111111,0.4444444444444444,0.1111111111111111,0.0,0.0
6,9,1.0,15.555555555555555,17.638342073763937,-15.555555555555555,,0.7777777777777778,0.7777777777777778,0.7777777777777778,0.7777777777777778,0.7777777777777778,0.7777777777777778,0.7777777777777778,,,0.2222222222222222,0.0,0.2222222222222222,0.0,0.0,0.0
