{
  "n_matches": 1280,
  "n_unique_most_aligned_players": 19,
  "top_player": "SLOTH",
  "top_player_share": 0.2296875,
  "entropy": 2.3051059285503097,
  "effective_n": 10.025240155337203
}