n_rows,predicted_contribution_parsed,contrib_mae,contrib_rmse,contrib_bias,contrib_corr,action_exact_match,target_set_exact,target_precision,target_recall,target_f1,target_jaccard,target_hit_any,unit_mae_on_overlap,unit_exact_on_overlap_rate,actual_any_action_rate,pred_any_action_rate,actual_any_punish_rate,pred_any_punish_rate,actual_any_reward_rate,pred_any_reward_rate
1823,0.9972572682391662,4.1634668129456935,8.080437630376787,-0.2885353812397148,0.4626593088302715,0.35381239714755897,0.3757542512342293,0.44048167198194627,0.445862630695324,0.43289910095998957,0.4181187511823826,0.47668678003291276,1.1999429223744291,0.5596461187214612,0.24849149753154143,0.6664838178826111,0.09270433351618211,0.21832144816236973,0.16127262753702687,0.48601206801974767
