{
  "silhouette_score": 0.4005562365055084,
  "calinski_harabasz_score": 1960.5281982421875,
  "davies_bouldin_score": 0.7593053401622828
}