method,seed_state,run,n_pairs,mse,rmse,r2_custom,train_n_rows,train_rank,train_cond
adaptive_bo_gp_ei,58,0,10,0.009136471445181277,0.09558489130182278,-0.7968391392494973,10,10,inf
adaptive_bo_gp_ei,58,0,20,0.00799013598498001,0.08938756057181564,-0.5713931961457641,20,14,inf
adaptive_bo_gp_ei,58,0,30,0.004464949334593808,0.06682027637322228,0.12189341724528613,30,14,inf
adaptive_bo_gp_ei,58,0,40,0.004057237593998177,0.06369644883349602,0.20207671529741855,40,14,inf
adaptive_bo_gp_ei,58,0,50,0.002204254380939996,0.04694948754715003,0.5664966975161851,50,14,inf
adaptive_bo_gp_ei,58,0,60,0.0023718158618148996,0.04870129219861522,0.5335429441034902,60,14,inf
