metric_family,metric,distance_kind,bootstrap_mean,bootstrap_median,bootstrap_p05,bootstrap_p95,n_treatments,model_score,median_value
distribution_distance,final_surplus_ratio,wasserstein_1d,0.08901851546699298,0.08347733132518645,0.04970850032862624,0.14341178745433047,2,0.2619394236013035,0.2619394236013035
distribution_distance,proposer_net_surplus,wasserstein_1d,0.259708846769702,0.25140194235588986,0.14948464912280693,0.3983000034809246,2,1.264967975494291,1.264967975494291
distribution_distance,trade_ratio,wasserstein_1d,0.06451388448436407,0.06247656309333943,0.039951326516045604,0.09765342190578459,2,0.44679693850929236,0.44679693850929236
distribution_distance,acceptance_rate,wasserstein_1d,0.04733239348370927,0.04221491228070176,0.012349450013923697,0.09835265246449458,2,0.10347048175995543,0.10347048175995543
