model,folds_ok,fit_eval_seconds_mean,pred_true_cosine_mean_mean,pred_true_cosine_mean_std,retrieved_true_cosine_mean_mean,retrieved_true_cosine_mean_std,oracle_true_cosine_mean_mean,oracle_true_cosine_mean_std,retrieval_cosine_regret_mean_mean,retrieval_cosine_regret_mean_std,oracle_hit_at_1_mean,oracle_hit_at_1_std,oracle_hit_at_5_mean,oracle_hit_at_5_std,embedding_mse_mean_mean,embedding_mse_mean_std
linear,5,1.0978800000000002,0.9079285502433777,0.0028233321859686632,0.8651612043380738,0.0035770565253189688,0.9258918404579163,0.002596995873840487,0.060730604082345964,0.0022066074563575453,0.007156488246392817,0.003730579702612612,0.03523757340934639,0.006806236306786281,0.00011438568180892617,3.3596150159387314e-06
mean,5,0.11436000000000002,0.90365571975708,0.002848972774610683,0.8628114342689515,0.0043044180782868344,0.9258918404579163,0.002596995873840487,0.06308038830757141,0.0034632669673925185,0.006607046059582474,0.005104714107690753,0.01651534469214027,0.005751904659569879,0.00011940834228880703,3.352817237045964e-06
ridge,5,0.277,0.9081653594970703,0.002865794175970937,0.8652935147285461,0.003784071688290984,0.9258918404579163,0.002596995873840487,0.0605983316898346,0.0024883698050405583,0.007705938795843368,0.0032061651247857603,0.03688895233345259,0.005642436715913544,0.00011409786529839038,3.4105043612105735e-06
