{
  "silhouette_score": 0.3860865831375122,
  "calinski_harabasz_score": 1865.5462646484375,
  "davies_bouldin_score": 0.7955402862821002
}