run_id,run_label,CONFIG_allOrNothing,n_rows,predicted_contribution_parsed,contrib_mae,contrib_mae_norm20,contrib_rmse,contrib_bias,contrib_corr,contrib_binary_n,contrib_binary_accuracy,contrib_binary_precision,contrib_binary_recall,contrib_binary_f1
260309_val40_dedup_random_baseline,random_baseline,False,2544,1.0,8.84944968553459,0.4424724842767296,10.590635325785398,-5.474449685534591,-0.040244073451406674,0,,,,
260309_val40_dedup_random_baseline,random_baseline,True,2065,1.0,9.995157384987893,0.4997578692493947,14.138710963159191,-6.353510895883777,0.013225744867791139,2065,0.5002421307506053,0.8149606299212598,0.49521531100478466,0.6160714285714286
260310_val40_dedup_archetype_cluster,archetype_cluster,False,2544,1.0,7.4001572327044025,0.3700078616352201,10.412370183113385,-2.3970125786163523,0.0701993579874936,0,,,,
260310_val40_dedup_archetype_cluster,archetype_cluster,True,2065,1.0,8.464891041162227,0.4232445520581114,13.011449604991927,-3.5641646489104115,-0.012350378945543175,2065,0.5767554479418886,0.8059815950920245,0.6285885167464115,0.7063172043010754
260310_val40_dedup_exact_sequence_structured_archetype,exact_sequence_structured,False,2544,1.0,11.080974842767295,0.5540487421383647,13.930109689978854,-5.927672955974843,-0.12842456035660302,0,,,,
260310_val40_dedup_exact_sequence_structured_archetype,exact_sequence_structured,True,2122,1.0,3.939679547596607,0.19698397737983034,8.87657540676201,3.1291234684260134,0.17385740790159465,2122,0.8030160226201697,0.8153618906942393,0.9746909947027663,0.8879356568364611
260310_val40_dedup_history_archetype,history_archetype,False,2544,1.0,4.338836477987422,0.21694182389937106,6.210978816711197,-1.830188679245283,0.5381079176992878,0,,,,
260310_val40_dedup_history_archetype,history_archetype,True,2065,1.0,5.723970944309928,0.28619854721549637,10.699505544005225,-1.5593220338983051,0.20204561276755623,2065,0.7138014527845037,0.8577101257445401,0.7751196172248804,0.8143261074458059
