method,seed_state,run,n_pairs,mse,rmse,r2_custom,train_n_rows,train_rank,train_cond
adaptive_bo_gp_ei,59,0,10,0.027045779107513684,0.16445600964243806,-4.319002499319113,10,10,inf
adaptive_bo_gp_ei,59,0,20,0.009793626120702111,0.09896275117791599,-0.9260795411487899,20,14,inf
adaptive_bo_gp_ei,59,0,30,0.004832933758599,0.06951930493466545,0.04952315705742738,30,14,inf
adaptive_bo_gp_ei,59,0,40,0.0033594074145132506,0.05796039522392209,0.3393166318857136,40,14,inf
adaptive_bo_gp_ei,59,0,50,0.0024025719838855785,0.049016038027216956,0.5274942409208979,50,14,inf
adaptive_bo_gp_ei,59,0,60,0.00231905582196417,0.04815657610300145,0.5439190838595176,60,14,inf
