game_id,mean_contribution_rate,mean_payoff,punishment_rate,reward_rate,normalized_efficiency,total_payoff
2601292005-VALIDATION_9_T,0.3648148148148148,2.6777777777777776,0.9037037037037037,0.1259259259259259,-0.32078189300411525,361.5
