game_id,mean_contribution_rate,mean_payoff,punishment_rate,reward_rate,normalized_efficiency,total_payoff
2601291240-VALIDATION_13_T,0.5947955390334573,21.36802973977695,0.7757352941176471,0.5625,0.016176470588235296,5748.0
