treatment_name,n_rows,exact_match_rate,delegation_match_rate,scenario_exact_match_rate,scenario_field_match_rate,numeric_direct_abs_error_mean
ODP,50,0.0,0.38857142857142857,0.02,0.43285714285714283,1.2733333333333332
ODU,50,0.0,0.4628571428571428,0.05,0.5057142857142857,0.965
TDP,50,0.0,0.34,0.006666666666666666,0.38095238095238093,1.3509523809523811
TDU,50,0.0,0.43714285714285706,0.013333333333333332,0.42285714285714276,1.3504761904761906
TRP,50,0.0,1.0,0.013333333333333332,0.4666666666666666,1.1666666666666665
TRU,50,0.0,1.0,0.013333333333333332,0.4657142857142857,1.1866666666666668
