method,seed_state,run,n_pairs,mse,rmse,r2_custom,train_n_rows,train_rank,train_cond
adaptive_bo_gp_ei,50,0,10,0.013263393805278245,0.11516680860941769,-1.608467092749768,10,10,inf
adaptive_bo_gp_ei,50,0,20,0.015346174255731593,0.12387967652416433,-2.0180805254948666,20,14,inf
adaptive_bo_gp_ei,50,0,30,0.00993019093205458,0.09965034336144848,-0.9529372837198302,30,14,inf
adaptive_bo_gp_ei,50,0,40,0.011302029310384588,0.10631100277198305,-1.222732128009305,40,14,inf
adaptive_bo_gp_ei,50,0,50,0.0073108788303603445,0.08550367729144955,-0.43780597394965226,50,14,inf
adaptive_bo_gp_ei,50,0,60,0.0057468106730404955,0.07580772172437644,-0.13020594494629067,60,14,inf
