method,seed_state,run,n_pairs,mse,rmse,r2_custom,train_n_rows,train_rank,train_cond
adaptive_bo_gp_ei,52,0,10,0.011006728922887437,0.10491295879388512,-1.1646563930525375,10,10,inf
adaptive_bo_gp_ei,52,0,20,0.005820148560426546,0.0762898981545168,-0.14462906083252602,20,14,inf
adaptive_bo_gp_ei,52,0,30,0.0034134280377849427,0.058424549957915316,0.32869257742402935,30,14,inf
adaptive_bo_gp_ei,52,0,40,0.0036570834988728694,0.06047382490692043,0.28077367660969166,40,14,inf
adaptive_bo_gp_ei,52,0,50,0.00272805298861037,0.052230766686028746,0.46348298538523836,50,14,inf
adaptive_bo_gp_ei,52,0,60,0.0019456994748923747,0.04411008359652444,0.6173458221064416,60,14,inf
