method,seed_state,n_pairs,rmse_mean,rmse_p10,rmse_p90,r2_mean,r2_p10,r2_p90,train_rank_min,train_cond_median
random_addition,52,10,0.10491295879388512,0.10491295879388512,0.10491295879388512,-1.1646563930525375,-1.1646563930525375,-1.1646563930525375,10,inf
random_addition,52,20,0.09634701410972016,0.0689977763625195,0.1295449878762183,-0.9598437314808492,-2.300440859424344,0.06371311431162426,14,inf
random_addition,52,30,0.08481767518812071,0.06237656671718559,0.11115010544494311,-0.5040582059953527,-1.4296891260988218,0.23479350930681633,14,inf
random_addition,52,40,0.07623087561492575,0.057271491683777175,0.10161133658962779,-0.2137048977268936,-1.0306322072425942,0.3549275077919465,14,inf
random_addition,52,50,0.0698749481520253,0.0525771721020019,0.08976544159355401,-0.007004179457929352,-0.5847075917995549,0.4563425620962214,14,inf
random_addition,52,60,0.06417740446789934,0.04958057502793385,0.08026485755276282,0.1612878888197534,-0.26701450507942,0.5165473445890075,14,inf
