game_id,mean_contribution_rate,mean_payoff,punishment_rate,reward_rate,normalized_efficiency,total_payoff
2601252338-VALIDATION_14_T,0.768859649122807,29.40701754385965,0.3508771929824561,0.9473684210526315,0.5879385964912281,3352.4
2601292005-VALIDATION_14_T,0.5635964912280702,27.964912280701753,0.14035087719298245,0.7631578947368421,0.49780701754385964,3188.0
