game_id,mean_contribution_rate,mean_payoff,punishment_rate,reward_rate,normalized_efficiency,total_payoff
2601252338-VALIDATION_7_T,0.4660526315789474,18.04,0.9842105263157894,0.0,-0.017500000000000005,3427.6
2601292005-VALIDATION_7_T,0.5013157894736842,72.20526315789473,0.15263157894736842,0.0,0.46611842105263157,13719.0
