game_id,mean_contribution_rate,mean_payoff,punishment_rate,reward_rate,normalized_efficiency,total_payoff
2601252338-VALIDATION_4_T,0.9821428571428571,49.732142857142854,0.08928571428571429,0.8928571428571429,0.9291294642857143,2785.0
2601292005-VALIDATION_4_T,1.0,52.0,0.0,0.0,1.0,2912.0
