game_id,mean_contribution_rate,mean_payoff,punishment_rate,reward_rate,normalized_efficiency,total_payoff
2601291240-VALIDATION_11_C,0.9967845659163987,57.858520900321544,0.0,0.9903846153846154,0.9913967611336032,17994.0
2601292005-VALIDATION_11_C,1.0,58.0,0.0,0.9166666666666666,1.0,18096.0
