game_id,mean_contribution_rate,mean_payoff,punishment_rate,reward_rate,normalized_efficiency,total_payoff
2601252338-VALIDATION_3_C,0.7608552631578948,53.31842105263158,0.0,1.0,0.570558608058608,8104.4
2601292005-VALIDATION_3_C,0.7916666666666666,52.37820512820513,0.0,1.0,0.5781822344322345,8171.0
