game_id,mean_contribution_rate,mean_payoff,punishment_rate,reward_rate,normalized_efficiency,total_payoff
2601252338-VALIDATION_6_T,0.18861386138613861,-33.11287128712871,0.9759615384615384,0.0,-0.3673076923076923,-6688.8
2601292005-VALIDATION_6_T,0.004807692307692308,6.403846153846154,0.3894230769230769,0.0,-0.09574756229685807,1332.0
