game_id,player_id,mean_contribution_rate,mean_payoff,punishment_rate,reward_rate
2601252338-VALIDATION_19_T,SLOTH,0.4689655172413793,14.124137931034483,0.1724137931034483,0.6206896551724138
2601252338-VALIDATION_19_T,WHALE,0.5344827586206896,27.586206896551726,0.1724137931034483,1.0
2601252338-VALIDATION_19_T,HORSE,0.38620689655172413,4.834482758620689,0.7931034482758621,1.0
2601252338-VALIDATION_19_T,PINGUIN,0.5551724137931034,27.744827586206895,0.20689655172413793,0.896551724137931
2601292005-VALIDATION_19_T,COW,0.0,11.586206896551724,1.0,0.0
2601292005-VALIDATION_19_T,CROCODILE,0.5,22.137931034482758,0.3793103448275862,0.6206896551724138
2601292005-VALIDATION_19_T,WALRUS,0.034482758620689655,-10.96551724137931,0.13793103448275862,0.8620689655172413
2601292005-VALIDATION_19_T,DOG,0.27586206896551724,13.931034482758621,0.9655172413793104,0.6896551724137931
