game_id,mean_contribution_rate,mean_payoff,punishment_rate,reward_rate,normalized_efficiency,total_payoff
2601252338-VALIDATION_19_C,0.5086206896551724,19.78448275862069,0.0,1.0,-0.013469827586206896,2295.0
2601292005-VALIDATION_19_C,0.75,28.862068965517242,0.0,0.853448275862069,0.5538793103448276,3348.0
