game_id,mean_contribution_rate,mean_payoff,punishment_rate,reward_rate,normalized_efficiency,total_payoff
2601291240-VALIDATION_15_C,0.7637362637362637,63.2967032967033,0.0,1.0,1.353021978021978,11520.0
2601292005-VALIDATION_15_C,0.29120879120879123,51.252747252747255,0.0,0.9285714285714286,0.9766483516483516,9328.0
