game_id,mean_contribution_rate,mean_payoff,punishment_rate,reward_rate,normalized_efficiency,total_payoff
VALIDATION_19_T,0.48620689655172417,18.572413793103447,0.33620689655172414,0.8793103448275862,-0.0892241379310337,2154.4000000000015
