game_id,round_index,mean_contribution_rate,mean_payoff,punishment_rate,reward_rate
VALIDATION_9_C,1,0.37666666666666665,50.406666666666666,0,1
VALIDATION_9_C,2,0.5066666666666667,58.49333333333333,0,1
VALIDATION_9_C,3,0.6466666666666666,67.65333333333334,0,1
VALIDATION_9_C,4,0.7033333333333334,71.24666666666667,0,1
VALIDATION_9_C,5,0.7233333333333334,73.79333333333334,0,1
VALIDATION_9_C,6,0.7233333333333334,74.06,0,1
VALIDATION_9_C,7,0.7233333333333334,74.06,0,1
VALIDATION_9_C,8,0.7233333333333334,74.06,0,1
VALIDATION_9_C,9,0.7233333333333334,74.06,0,1
