game_id,player_id,mean_contribution_rate,mean_payoff,punishment_rate,reward_rate
VALIDATION_3_C,PARROT,0.9865384615384616,71.82307692307693,0,1
VALIDATION_3_C,CHICK,nan,nan,0,1
VALIDATION_3_C,COW,0.9903846153846154,89.42307692307692,0,1
VALIDATION_3_C,MONKEY,0.7346153846153847,47.48461538461538,0,1
VALIDATION_3_C,HORSE,0.7365384615384616,32.36153846153846,0,1
VALIDATION_3_C,WHALE,0.20192307692307693,2.6923076923076907,0,1
