game_id,mean_contribution_rate,mean_payoff,punishment_rate,reward_rate,normalized_efficiency,total_payoff
VALIDATION_3_T,0.6192307692307693,43.78589743589744,0.36538461538461536,0.8012820512820513,0.42474816849816854,6830.6
