game_id,player_id,mean_contribution_rate,mean_payoff,punishment_rate,reward_rate
VALIDATION_10_T,SLOTH,0.30833333333333335,-1.7833333333333339,0.8333333333333334,0
VALIDATION_10_T,ELEPHANT,0.7916666666666666,-57.083333333333336,0.8333333333333334,0
VALIDATION_10_T,GORILLA,0.041666666666666664,-71.25,1,0
