game_id,player_id,mean_contribution_rate,mean_payoff,punishment_rate,reward_rate
VALIDATION_14_T,SLOTH,0.9210526315789473,43.0,0.05263157894736842,0.9473684210526315
VALIDATION_14_T,CHICK,0.9078947368421053,25.36842105263158,0.8421052631578947,1
VALIDATION_14_T,SNAKE,0.9342105263157895,32.63157894736842,0.2631578947368421,1
VALIDATION_14_T,HORSE,0.5,24.0,0.10526315789473684,0.8947368421052632
VALIDATION_14_T,CHICKEN,0.9289473684210526,32.17894736842105,0.10526315789473684,0.8421052631578947
VALIDATION_14_T,FROG,0.42105263157894735,19.263157894736842,0.7368421052631579,1
