{
  "n_matches": 40,
  "n_unique_most_aligned_players": 13,
  "top_player": "DUCK",
  "top_player_share": 0.275,
  "entropy": 2.1140028056796214,
  "effective_n": 8.281323558472888
}