method,seed_state,run,n_pairs,mse,rmse,r2_custom,train_n_rows,train_rank,train_cond
adaptive_bo_gp_ei,48,0,10,0.013346279029358647,0.11552609674596752,-1.6247678512632397,10,10,inf
adaptive_bo_gp_ei,48,0,20,0.011369569682565476,0.1066281842786675,-1.2360150660606362,20,14,inf
adaptive_bo_gp_ei,48,0,30,0.004062486893523992,0.06373764110417009,0.2010443531980871,30,14,inf
adaptive_bo_gp_ei,48,0,40,0.005579679583998921,0.07469725285443181,-0.09733683524927739,40,14,inf
adaptive_bo_gp_ei,48,0,50,0.002664292818622272,0.05161678814709679,0.4760224837733431,50,14,inf
adaptive_bo_gp_ei,48,0,60,0.0029003577559056446,0.05385496964910151,0.42959638577038195,60,14,inf
