method,seed_state,n_pairs,rmse_mean,rmse_p10,rmse_p90,r2_mean,r2_p10,r2_p90,train_rank_min,train_cond_median
random_addition,48,10,0.11552609674596752,0.11552609674596752,0.11552609674596752,-1.62476785126324,-1.6247678512632397,-1.6247678512632397,10,inf
random_addition,48,20,0.09605664333077563,0.06780836810799734,0.12782938873403377,-0.944592735177216,-2.2136614258998035,0.09573034334298196,14,inf
random_addition,48,30,0.07751103097676179,0.05709708171523149,0.09963373430866859,-0.25053918074320164,-0.9524141219097505,0.358851546658083,14,inf
random_addition,48,40,0.0703508088838397,0.05344434163858053,0.08828673874919431,-0.012914080291489986,-0.5329279261144111,0.4382533142608048,14,inf
random_addition,48,50,0.06468132490082391,0.05059583509840415,0.0806810679779576,0.1489448658704503,-0.2801898315664821,0.4965451012313771,14,inf
random_addition,48,60,0.06185630714089729,0.047314846989360185,0.0769545854672727,0.2204784443549477,-0.16466146246074606,0.5597233206065055,14,inf
