game_id,round_index,mean_contribution_rate,mean_payoff,punishment_rate,reward_rate
2602052146-VALIDATION_8_T,1,0.8916666666666666,32.06666666666667,0.16666666666666666,0.3333333333333333
2602052146-VALIDATION_8_T,2,0.8833333333333333,34.7,0.0,0.6666666666666666
