game_id,mean_contribution_rate,mean_payoff,punishment_rate,reward_rate,normalized_efficiency,total_payoff
2602052146-VALIDATION_14_T,0.8208333333333333,26.18888888888889,0.2777777777777778,0.5,0.3006578947368422,2828.4
2602060741-VALIDATION_14_T,0.29776785714285714,22.7375,0.21929824561403508,0.4473684210526316,0.14616228070175433,2546.6
