game_id,player_id,mean_contribution_rate,mean_payoff,punishment_rate,reward_rate
2602052146-VALIDATION_14_C,FROG,0.6052631578947368,29.684210526315788,0.0,0.0
2602052146-VALIDATION_14_C,DUCK,0.5,28.0,0.0,0.0
2602052146-VALIDATION_14_C,HORSE,0.0,14.0,0.0,1.0
2602052146-VALIDATION_14_C,PARROT,0.531578947368421,11.978947368421053,0.0,1.0
2602052146-VALIDATION_14_C,SNAKE,1.0,51.26315789473684,0.0,0.0
2602052146-VALIDATION_14_C,OWL,1.0,43.26315789473684,0.0,1.0
