game_id,round_index,mean_contribution_rate,mean_payoff,punishment_rate,reward_rate
2602052146-VALIDATION_8_C,1,0.75,33.333333333333336,0.0,0.6666666666666666
2602052146-VALIDATION_8_C,2,0.6666666666666666,28.5,0.0,0.6666666666666666
