game_id,mean_contribution_rate,mean_payoff,punishment_rate,reward_rate,normalized_efficiency,total_payoff
2602052146-VALIDATION_19_C,0.9116379310344828,31.267241379310345,0.0,0.25862068965517243,0.7042025862068966,3627.0
