game_id,player_id,mean_contribution_rate,mean_payoff,punishment_rate,reward_rate
2602052146-VALIDATION_19_C,HORSE,1.0,47.03448275862069,0.0,0.0
2602052146-VALIDATION_19_C,CHICK,1.0,-1.9310344827586208,0.0,1.0
2602052146-VALIDATION_19_C,SLOTH,1.0,45.13793103448276,0.0,0.034482758620689655
2602052146-VALIDATION_19_C,SNAKE,0.646551724137931,34.827586206896555,0.0,0.0
