game_id,player_id,mean_contribution_rate,mean_payoff,punishment_rate,reward_rate
2602052146-VALIDATION_3_C,MOOSE,1.0,92.46153846153847,0.0,0.0
2602052146-VALIDATION_3_C,MONKEY,0.19230769230769232,33.38461538461539,0.0,0.0
2602052146-VALIDATION_3_C,FROG,0.9615384615384616,37.84615384615385,0.0,1.0
2602052146-VALIDATION_3_C,WALRUS,0.9519230769230769,89.0,0.0,0.0
2602052146-VALIDATION_3_C,OWL,0.9615384615384616,51.42307692307692,0.0,1.0
2602052146-VALIDATION_3_C,COW,1.0,67.6923076923077,0.0,0.7692307692307693
