game_id,round_index,mean_contribution_rate,mean_payoff,punishment_rate,reward_rate
2602052146-VALIDATION_10_C,1,0.7666666666666667,33.8,0.0,0.0
2602052146-VALIDATION_10_C,2,0.7833333333333333,34.1,0.0,0.0
2602052146-VALIDATION_10_C,3,0.8,34.4,0.0,0.0
2602052146-VALIDATION_10_C,4,0.7833333333333333,34.1,0.0,0.0
2602052146-VALIDATION_10_C,5,0.8,34.4,0.0,0.0
2602052146-VALIDATION_10_C,6,0.7833333333333333,34.1,0.0,0.0
