game_id,round_index,mean_contribution_rate,mean_payoff,punishment_rate,reward_rate
2602052146-VALIDATION_4_T,1,0.7142857142857143,40.0,0.2857142857142857,0.2857142857142857
2602052146-VALIDATION_4_T,2,0.8571428571428571,44.57142857142857,0.2857142857142857,0.5714285714285714
2602052146-VALIDATION_4_T,3,0.8571428571428571,42.42857142857143,0.42857142857142855,0.5714285714285714
2602052146-VALIDATION_4_T,4,0.7142857142857143,33.57142857142857,0.5714285714285714,0.5714285714285714
2602052146-VALIDATION_4_T,5,0.7142857142857143,36.42857142857143,0.42857142857142855,0.2857142857142857
2602052146-VALIDATION_4_T,6,0.5714285714285714,33.285714285714285,0.42857142857142855,0.14285714285714285
2602052146-VALIDATION_4_T,7,0.5714285714285714,33.285714285714285,0.42857142857142855,0.14285714285714285
2602052146-VALIDATION_4_T,8,0.5714285714285714,33.285714285714285,0.42857142857142855,0.14285714285714285
