game_id,mean_contribution_rate,mean_payoff,punishment_rate,reward_rate,normalized_efficiency,total_payoff
2602052146-VALIDATION_12_T,0.4166666666666667,20.916666666666668,0.5,0.0,0.016975308641975308,1506.0
2602060741-VALIDATION_12_T,0.8055555555555556,47.361111111111114,0.7777777777777778,0.0,0.5066872427983539,3410.0
