game_id,mean_contribution_rate,mean_payoff,punishment_rate,reward_rate,normalized_efficiency,total_payoff
2602060741-VALIDATION_11_T,0.8333333333333334,49.666666666666664,0.20833333333333334,0.20833333333333334,-0.4257759784075574,1192.0
2602061003-VALIDATION_11_T,0.5119047619047619,35.166666666666664,0.3392857142857143,0.2857142857142857,-0.028002699055330635,5908.0
