dataset_name,n_rows,evaluated_row_count,row_evaluable_rate,mean_completion_rate,mean_parse_success_rate,mean_full_request_success_rate,mean_valid_prediction_rate,mean_tvd,median_tvd,weighted_mean_tvd_by_group_size,mean_simbench_score,median_simbench_score,weighted_mean_simbench_score_by_group_size,mean_jsd,modal_match_rate
Choices13k,500,500,1.0,1.0,1.0,1.0,1.0,0.1748573201131233,0.1533333333333333,0.17127553001889342,0.4,0.0,0.42669195211568095,0.026471136867946776,0.46
DICES,247,247,1.0,1.0,1.0,1.0,1.0,0.1708382878099091,0.09999999999999999,0.17119113573407202,68.36757804439107,85.00000000000001,68.44766326848665,0.0720755314596331,0.902834008097166
OSPsychBig5,40,40,1.0,1.0,1.0,1.0,1.0,0.14000902165196472,0.12794936418833774,0.14000902165196472,6.43371655517177,36.29711032437207,6.433716555171769,0.018529236959893395,0.5
OSPsychRWAS,22,22,1.0,1.0,1.0,1.0,1.0,0.3198053478859625,0.3165390857051986,0.3198053084535214,21.427114020005472,28.23649618630725,21.430935577415607,0.07393553317746485,0.45454545454545453
OpinionQA,500,310,0.62,0.62,0.532,0.532,0.62,0.16477843476154289,0.15226428080574056,0.16583192122982127,50.817968273487395,57.89196277940034,49.775711926933994,0.029757520115894987,0.6516129032258065
