dataset_name,n_rows,evaluated_row_count,row_evaluable_rate,mean_completion_rate,mean_parse_success_rate,mean_full_request_success_rate,mean_valid_prediction_rate,mean_tvd,median_tvd,weighted_mean_tvd_by_group_size,mean_simbench_score,median_simbench_score,weighted_mean_simbench_score_by_group_size,mean_jsd,modal_match_rate
Choices13k,500,500,1.0,1.0,1.0,1.0,1.0,0.1748573201131233,0.1533333333333333,0.17127553001889342,-4.7748471843078735e-15,12.30945708527681,2.0484072911060474,0.026471136867946776,0.46
DICES,247,247,1.0,1.0,1.0,1.0,1.0,0.1708382878099091,0.09999999999999998,0.17119113573407205,71.61927188417263,83.38737265535786,71.56065457343813,0.0720755314596331,0.902834008097166
OSPsychBig5,40,40,1.0,1.0,1.0,1.0,1.0,0.14000902165196472,0.12794936418833774,0.14000902165196472,34.22040927268521,39.88632510374448,34.22040927268521,0.018529236959893385,0.5
OSPsychRWAS,22,22,1.0,1.0,1.0,1.0,1.0,0.3198053478859625,0.3165390857051986,0.3198053084535214,24.015976046387618,24.792022305221415,24.01598541532271,0.07393553317746483,0.45454545454545453
OpinionQA,500,310,0.62,0.62,0.532,0.532,0.62,0.16477843476154289,0.15226428080574053,0.16583192122982127,55.135421044357706,58.542676666282034,54.84858601704861,0.029757520115894987,0.6516129032258065
