metric_family,metric,distance_kind,bootstrap_mean,bootstrap_median,bootstrap_p05,bootstrap_p95,n_treatments,model_score,median_value
distribution_distance,final_surplus_ratio,wasserstein_1d,0.09034327477319033,0.08740836405892644,0.06442499317928556,0.12342244234899802,6,0.30152445861818805,0.3124022417796101
distribution_distance,proposer_net_surplus,wasserstein_1d,0.22358033543102987,0.2236238709849821,0.16456074635241308,0.2898154043744321,6,1.0801613355780022,1.0976388888888888
distribution_distance,trade_ratio,wasserstein_1d,0.07184526825352018,0.07058155516674752,0.056682954931071165,0.08826386287217197,6,0.375861427389886,0.3726339953770509
distribution_distance,acceptance_rate,wasserstein_1d,0.0458562075784298,0.04589162123884348,0.023566501656779457,0.0698744388327721,6,0.10089519533963977,0.08943602693602692
