{
  "base_run": "simbenchpop__baseline_group_batched_explained__gpt_5_mini__datasets_opinionqa_choices13k_ospsychbig5_ospsychrwas_dices__us_only",
  "twin_run": "simbenchpop__twin_profile_batched_seed_0__n64__gpt_5_mini__datasets_opinionqa_choices13k_ospsychbig5_ospsychrwas_dices__us_only",
  "n_overlap_rows": 1119,
  "mean_tvd_baseline": 0.17278204686439427,
  "mean_tvd_twin": 0.18673848533877666,
  "weighted_mean_tvd_baseline": 0.17333277228090757,
  "weighted_mean_tvd_twin": 0.17340505290712396,
  "mean_normalized_predicted_entropy_baseline": 0.8007738983455364,
  "mean_normalized_predicted_entropy_twin": 0.7662378067329266,
  "mean_predicted_entropy_baseline": 0.8111337144204593,
  "mean_predicted_entropy_twin": 0.7802449097081887,
  "mean_jsd_baseline": 0.038097236057846394,
  "mean_jsd_twin": 0.04081295273371126,
  "modal_match_baseline": 0.612153708668454,
  "modal_match_twin": 0.6255585344057194
}
