run_id,run_label,CONFIG_allOrNothing,n_rows,predicted_contribution_parsed,contrib_mae,contrib_mae_norm20,contrib_rmse,contrib_bias,contrib_corr,contrib_binary_n,contrib_binary_accuracy,contrib_binary_precision,contrib_binary_recall,contrib_binary_f1
no_archetype/2603022352,no archetype,False,436,1.0,4.64908256880734,0.232454128440367,7.520461385416541,-0.33715596330275227,0.4895700221873102,0,,,,
no_archetype/2603022352,no archetype,True,232,1.0,4.568965517241379,0.22844827586206898,9.559252603882147,-0.25862068965517243,0.28767034253939433,232,0.771551724137931,0.8641304347826086,0.8502673796791443,0.8571428571428571
oracle_archetype/9977694_r0_oracle,oracle archetype,False,436,1.0,4.465596330275229,0.2232798165137615,7.385983502119267,-0.9334862385321101,0.5403850252812141,0,,,,
oracle_archetype/9977694_r0_oracle,oracle archetype,True,232,1.0,4.310344827586207,0.21551724137931033,9.284766908852593,-1.5517241379310345,0.4112858010941439,232,0.7844827586206896,0.9053254437869822,0.8181818181818182,0.8595505617977528
random_archetype/9980072_r0_random,random archetype,False,436,1.0,5.463302752293578,0.27316513761467887,8.513346241060766,1.9128440366972477,0.38639118220892366,0,,,,
random_archetype/9980072_r0_random,random archetype,True,232,1.0,4.051724137931035,0.2025862068965517,9.001915504970077,0.43103448275862066,0.32441424582108264,232,0.7974137931034483,0.8645833333333334,0.8877005347593583,0.8759894459102903
retrieved_archetype/9976921_r1_retrieved,retrieved archetype,False,436,1.0,5.360091743119266,0.2680045871559633,8.272453459435846,1.915137614678899,0.40274065425831573,0,,,,
retrieved_archetype/9976921_r1_retrieved,retrieved archetype,True,232,1.0,3.706896551724138,0.1853448275862069,8.610338613230189,0.9482758620689655,0.35155293336093,232,0.8146551724137931,0.8636363636363636,0.9144385026737968,0.8883116883116884
