method,seed_state,run,n_pairs,mse,rmse,r2_custom,train_n_rows,train_rank,train_cond
adaptive_llm_rerank_gp_ei,54,0,10,0.01960905519733056,0.14003233625606107,-2.856446996378506,10,10,inf
adaptive_llm_rerank_gp_ei,54,0,20,0.008123767418039541,0.09013194449272434,-0.5976740410645105,20,14,inf
adaptive_llm_rerank_gp_ei,54,0,30,0.004509869503124619,0.06715556196715666,0.11305911863863805,30,14,inf
adaptive_llm_rerank_gp_ei,54,0,40,0.004127802755114438,0.06424797860722498,0.18819890216989899,40,14,inf
adaptive_llm_rerank_gp_ei,54,0,50,0.004149644082755749,0.06441773112083155,0.1839034416527232,50,14,inf
adaptive_llm_rerank_gp_ei,54,0,60,0.003832424686055419,0.06190658031304442,0.24628991449841786,60,14,inf
