run_id,label,n_games,mae_normalized_efficiency,rmse_normalized_efficiency,corr_normalized_efficiency,mean_human_normalized_efficiency,mean_sim_normalized_efficiency
260310_valraw417_archetype_cluster_plus,archetype_cluster_plus,40,0.1452413743835618,0.16726018496976908,0.5519922219466551,0.6953506016417896,0.5674147648342696
260310_valraw417_archetype_cluster,archetype_cluster,40,0.10605429369221517,0.12410245622608498,0.6911820853747408,0.6953506016417896,0.6108954095407455
linear_config_baseline,linear_config,40,0.09822393526144012,0.12298100280280917,0.4475741664090286,0.6953506016417896,0.6899522069967899
