method,seed_state,n_pairs,rmse_mean,rmse_p10,rmse_p90,r2_mean,r2_p10,r2_p90,train_rank_min,train_cond_median
random_addition,50,10,0.11516680860941769,0.11516680860941769,0.11516680860941769,-1.608467092749768,-1.608467092749768,-1.608467092749768,10,inf
random_addition,50,20,0.09884868269180723,0.07074810615705178,0.1309873459606179,-1.0495283176432135,-2.374418259568082,0.01562223068459989,14,inf
random_addition,50,30,0.08434692097547693,0.06150483079695837,0.11267165966612079,-0.48927220278681915,-1.4966666453755921,0.2560407268322239,14,inf
random_addition,50,40,0.07434802461902888,0.05711692144025326,0.0972030117936184,-0.13807388070709872,-0.8581940838264296,0.3584055133710016,14,inf
random_addition,50,50,0.0685862606813521,0.05385505861772266,0.08895741050285666,0.036396464596450746,-0.5563103098817234,0.42959426827119473,14,inf
random_addition,50,60,0.06441694122306729,0.051777357941936414,0.08177743556879888,0.156636892787803,-0.3152209659402569,0.4727573492930436,14,inf
