treatment_name,n_rows,exact_match_rate,delegation_match_rate,scenario_exact_match_rate,scenario_field_match_rate,numeric_direct_abs_error_mean
ODP,50,0.0,0.3914285714285714,0.02,0.43714285714285706,1.2933333333333334
ODU,50,0.0,0.4657142857142855,0.02,0.47714285714285715,1.0766666666666667
TDP,50,0.0,0.3514285714285715,0.006666666666666666,0.39714285714285713,1.2966666666666666
TDU,50,0.0,0.437142857142857,0.026666666666666665,0.40761904761904755,1.3604761904761902
TRP,50,0.0,1.0,0.0,0.45238095238095233,1.22
TRU,50,0.0,1.0,0.006666666666666666,0.4447619047619047,1.3
