method,seed_state,n_pairs,rmse_mean,rmse_p10,rmse_p90,r2_mean,r2_p10,r2_p90,train_rank_min,train_cond_median
random_addition,53,10,0.07360227401888521,0.07360227401888521,0.07360227401888521,-0.06540115376443767,-0.06540115376443767,-0.06540115376443767,10,inf
random_addition,53,20,0.09052825055897941,0.06883289219402652,0.11853851068296795,-0.6958938397305741,-1.7634446550580667,0.06819928903453357,14,inf
random_addition,53,30,0.08010311606744067,0.058053794149762326,0.10481215223586936,-0.34444361901935394,-1.160499478563009,0.3371854870764366,14,inf
random_addition,53,40,0.07042013696821567,0.05440404182483164,0.0891442048859568,-0.015144274349501044,-0.5628499221756496,0.4179013816610885,14,inf
random_addition,53,50,0.0649376290977114,0.050575254812309296,0.08175848353039135,0.1410766171996765,-0.3146082886962849,0.49695470725393653,14,inf
random_addition,53,60,0.06186373577094427,0.04913275604940633,0.0774669708541669,0.2231106787920264,-0.18022390208122313,0.5252388889877372,14,inf
