metric_family,metric,distance_kind,bootstrap_mean,bootstrap_median,bootstrap_p05,bootstrap_p95,n_treatments,model_score,median_value
distribution_distance,final_surplus_ratio,wasserstein_1d,0.08530039950161966,0.08192971853468778,0.060358350491506084,0.1178487147616908,6,0.18076257660789696,0.18565044496132216
distribution_distance,proposer_net_surplus,wasserstein_1d,0.2115451053408481,0.2104955045625335,0.15139928878153514,0.2709079777241008,6,1.0493726516371442,1.063516505636071
distribution_distance,trade_ratio,wasserstein_1d,0.06778565439629633,0.0668371073583551,0.05366212595315622,0.0839333941089367,6,0.18949124117066593,0.17994153564050902
distribution_distance,acceptance_rate,wasserstein_1d,0.043464673913043476,0.04419954374664521,0.02017579173376277,0.06721349973161563,6,0.3964707461084273,0.40126811594202894
