metric_family,metric,distance_kind,bootstrap_mean,bootstrap_median,bootstrap_p05,bootstrap_p95,n_treatments,model_score,median_value
distribution_distance,final_surplus_ratio,wasserstein_1d,0.08585178433670997,0.08106453802055169,0.048553474513246285,0.14037535232287782,2,0.288873181458291,0.288873181458291
distribution_distance,proposer_net_surplus,wasserstein_1d,0.2542213955026455,0.2472883597883599,0.1477562830687832,0.38388723544973546,2,1.2584986772486775,1.2584986772486775
distribution_distance,trade_ratio,wasserstein_1d,0.061970090586038015,0.06023845670423053,0.037943646594440265,0.09319562368297482,2,0.39289163125968685,0.39289163125968685
distribution_distance,acceptance_rate,wasserstein_1d,0.04505291005291005,0.04199735449735452,0.013839285714285669,0.08799603174603177,2,0.12499999999999997,0.12499999999999997
