method,seed_state,run,n_pairs,mse,rmse,r2_custom,train_n_rows,train_rank,train_cond
adaptive_bo_gp_ei,53,0,10,0.005417294740751064,0.07360227401888521,-0.06540115376443767,10,10,inf
adaptive_bo_gp_ei,53,0,20,0.004003432962389678,0.0632726873333959,0.21265829140446602,20,14,inf
adaptive_bo_gp_ei,53,0,30,0.004110013614315523,0.06410938787974443,0.19169743271671846,30,14,inf
adaptive_bo_gp_ei,53,0,40,0.0025559811608989952,0.05055671232288543,0.49732377355484003,40,14,inf
adaptive_bo_gp_ei,53,0,50,0.0017029968895564118,0.041267382877478574,0.6650773240484418,50,14,inf
adaptive_bo_gp_ei,53,0,60,0.0019605303503374928,0.044277876533744175,0.614429083666551,60,14,inf
