metric_family,metric,distance_kind,bootstrap_mean,bootstrap_median,bootstrap_p05,bootstrap_p95,n_treatments,model_score,median_value
distribution_distance,final_surplus_ratio,wasserstein_1d,0.08523921457460518,0.08203463598548545,0.060351283087403895,0.11883633526110776,6,0.16317554977425133,0.17117848070224895
distribution_distance,proposer_net_surplus,wasserstein_1d,0.21183595465524813,0.2091798113990143,0.15291076526130876,0.27158259832625775,6,1.0658224759674033,1.0998526936026936
distribution_distance,trade_ratio,wasserstein_1d,0.06797582398285279,0.06684263085347675,0.053457674934879025,0.08475754889508054,6,0.21709180735315647,0.22149018979084345
distribution_distance,acceptance_rate,wasserstein_1d,0.043697497316156735,0.043710047333235746,0.019678518274532784,0.06865637046796466,6,0.4156815741960669,0.4174718196457327
