metric_family,metric,distance_kind,bootstrap_mean,bootstrap_median,bootstrap_p05,bootstrap_p95,n_treatments,model_score,median_value
distribution_distance,final_surplus_ratio,wasserstein_1d,0.08526828994275439,0.08110366495960661,0.05003698856985139,0.13631037924365574,2,0.34843667483481044,0.34843667483481044
distribution_distance,proposer_net_surplus,wasserstein_1d,0.25320822811447813,0.24851641414141418,0.14649410774410782,0.37887310606060615,2,1.2646254208754208,1.2646254208754208
distribution_distance,trade_ratio,wasserstein_1d,0.061629859387829715,0.05956115993994783,0.03817291861010296,0.0952153896771952,2,0.4425098371278927,0.4425098371278927
distribution_distance,acceptance_rate,wasserstein_1d,0.04486321548821549,0.043034511784511786,0.011111111111111098,0.08728956228956226,2,0.12310606060606058,0.12310606060606058
