{
  "n_matches": 1536,
  "n_unique_most_aligned_players": 116,
  "top_player": "badger-green-4722",
  "top_player_share": 0.02734375,
  "entropy": 4.5585149926946515,
  "effective_n": 95.44164300467438
}