CONFIG_allOrNothing,n_rows,predicted_contribution_parsed,contrib_mae,contrib_mae_norm20,contrib_rmse,contrib_bias,contrib_corr,contrib_binary_n,contrib_binary_accuracy,contrib_binary_precision,contrib_binary_recall,contrib_binary_f1
False,2544,1.0,8.84944968553459,0.4424724842767296,10.590635325785398,-5.474449685534591,-0.040244073451406674,0,,,,
True,2065,1.0,9.995157384987893,0.4997578692493947,14.138710963159191,-6.353510895883777,0.013225744867791139,2065,0.5002421307506053,0.8149606299212598,0.49521531100478466,0.6160714285714286
