tag,n_rows,observed_ami,null_mean_ami,null_std_ami,zscore,perm_pvalue_ge_obs,B
RESPONSE_TO_REWARDER,858,0.151847964908123,0.0007104296158664028,0.006472856316391204,23.34943460527338,0.0033222591362126247,300
RESPONSE_TO_PUNISHER,847,0.10538669932438577,0.0003459725664460397,0.006562795675591439,16.005484847350203,0.0033222591362126247,300
RESPONSE_TO_OTHERS_OUTCOME,1825,0.08637547701537732,2.1869479839175497e-05,0.0032154584577855855,26.855768358504054,0.0033222591362126247,300
REWARD,1815,0.06350873004471319,-0.0002303943014798562,0.003448709553704972,18.482021560567677,0.0033222591362126247,300
PUNISHMENT,1812,0.049382583380160106,-9.836461477570449e-05,0.003777368003345523,13.099318874415312,0.0033222591362126247,300
CONTRIBUTION,3691,0.04861618412617554,-7.037690227755872e-05,0.0018057284222692223,26.962283143501395,0.0033222591362126247,300
RESPONSE_TO_END_GAME,1886,0.04416766508745443,9.333365242308117e-05,0.003193913577489252,13.799475268168925,0.0033222591362126247,300
COMMUNICATION,1734,0.03811442211090123,0.00019648067675995208,0.0031502450834024563,12.036505229983913,0.0033222591362126247,300
