tag,obs_ami_quintile,null_mean,null_std,z,p_perm,B
RESPONSE_TO_REWARDER,0.03444081116077623,0.0001286500271756694,0.003128464362188039,10.967732775653227,0.0033222591362126247,300
RESPONSE_TO_PUNISHER,0.02357397931556052,9.97272039887266e-05,0.0029008487802829755,8.092201242282508,0.0033222591362126247,300
RESPONSE_TO_OTHERS_OUTCOME,0.016732907681545537,1.9494393446809163e-05,0.0013782483962233882,12.126561018876918,0.0033222591362126247,300
REWARD,0.01306908553918325,-3.2491501124897734e-05,0.0014302536756540364,9.160316980242438,0.0033222591362126247,300
CONTRIBUTION,0.012037582901971463,-3.1512948789783683e-05,0.0006876795419473785,17.55046514693949,0.0033222591362126247,300
PUNISHMENT,0.009076741078719672,0.0002658857239459453,0.0014681831372200349,6.001196393970065,0.0033222591362126247,300
RESPONSE_TO_END_GAME,0.008191949441101836,5.3952833996165606e-05,0.0012425213978192811,6.549582658969807,0.0033222591362126247,300
COMMUNICATION,0.006012543441630493,7.076880780900344e-05,0.0014330935766505752,4.146117690069117,0.0033222591362126247,300
