method,seed_state,run,n_pairs,mse,rmse,r2_custom,train_n_rows,train_rank,train_cond
adaptive_bo_gp_ei,45,0,10,0.01389759004700324,0.11788804030521179,-1.7331923366181128,10,10,inf
adaptive_bo_gp_ei,45,0,20,0.014146042638347017,0.11893713733879346,-1.7820546729208124,20,14,inf
adaptive_bo_gp_ei,45,0,30,0.01039429275470406,0.10195240435960332,-1.0442106297306073,30,14,inf
adaptive_bo_gp_ei,45,0,40,0.005497676999737284,0.07414632155230146,-0.08120966254316375,40,14,inf
adaptive_bo_gp_ei,45,0,50,0.0028959070530463486,0.053813632594783535,0.4304716905467101,50,14,inf
adaptive_bo_gp_ei,45,0,60,0.0033527607147304135,0.05790302854540869,0.3406238159981251,60,14,inf
