run_id,label,n_games,mae_normalized_efficiency,rmse_normalized_efficiency,corr_normalized_efficiency,mean_human_normalized_efficiency,mean_sim_normalized_efficiency
260310_val40_treatment_avg_exact_sequence_binned_archetype,exact_sequence_binned,40,0.22930635785040718,0.2697845451300496,0.3005419705985332,0.6953506016417896,0.8780385649830036
260310_val40_treatment_avg_history_archetype,history_archetype,40,0.31336376874992766,0.40217262764107714,0.35321701954453244,0.6953506016417896,0.403297090443311
260310_val40_treatment_avg_archetype_cluster,archetype_cluster,40,0.13494687027672692,0.16432189340609685,0.4953906915247775,0.6953506016417896,0.6029780060983784
260309_val40_treatment_avg_random_baseline,random_baseline,40,0.2011994052651506,0.2209022136443653,0.3896952301492552,0.6953506016417896,0.5007879851205328
linear_config_baseline,linear_config,40,0.09822393526144013,0.12298100280280917,0.4475741664090286,0.6953506016417896,0.6899522069967899
