metric,run_id_a,run_label_a,run_id_b,run_label_b,n_a,n_b,mean_a,mean_b,diff_a_minus_b,se_diff,z_score,p_value,p_value_bh,significant_0_05,significant_bh_0_05
contrib_mae,260310_val40_dedup_archetype_cluster,archetype_cluster,260309_val40_dedup_random_baseline,random_baseline,4609,4609,7.8771967888912995,9.362768496420047,-1.4855717075287478,0.17271285759470797,-8.6013961451256,0.0,0.0,True,True
target_f1,260310_val40_dedup_archetype_cluster,archetype_cluster,260309_val40_dedup_random_baseline,random_baseline,4609,4609,0.6958247177488942,0.7340515514956825,-0.03822683374678826,0.00936323535187147,-4.082652236136273,4.4524626230835196e-05,5.9366168307780263e-05,True,True
action_exact_match,260310_val40_dedup_archetype_cluster,archetype_cluster,260309_val40_dedup_random_baseline,random_baseline,4609,4609,0.6897374701670644,0.7324799305706227,-0.042742460403558225,0.009432149585903748,-4.531571516575225,5.854650968029063e-06,1.1709301936058125e-05,True,True
target_hit_any,260310_val40_dedup_archetype_cluster,archetype_cluster,260309_val40_dedup_random_baseline,random_baseline,4609,4609,0.701887611195487,0.7359513994358863,-0.03406378824039924,0.009358415070301261,-3.6399099617305897,0.0002727333916794361,0.0002727333916794361,True,True
