run_id,label,n_games,mae_normalized_efficiency,rmse_normalized_efficiency,corr_normalized_efficiency,mean_human_normalized_efficiency,mean_sim_normalized_efficiency
260310_val40_treatment_avg_algorithmic_latent_family_calibrated,algorithmic_latent_calibrated,40,0.35109312969830586,0.4254586147806014,0.13788757696736745,0.6953506016417896,0.3713650233141287
260310_val40_treatment_avg_algorithmic_latent_family,algorithmic_latent_uncalibrated,40,0.5284315320379791,0.7240413345410691,0.27213400893350836,0.6953506016417896,0.18894474242078205
260310_val40_treatment_avg_archetype_cluster,archetype_cluster,40,0.13494687027672692,0.16432189340609685,0.4953906915247775,0.6953506016417896,0.6029780060983784
260309_val40_treatment_avg_random_baseline,random_baseline,40,0.2011994052651506,0.2209022136443653,0.3896952301492552,0.6953506016417896,0.5007879851205328
linear_config_baseline,linear_config,40,0.09822393526144013,0.12298100280280917,0.4475741664090286,0.6953506016417896,0.6899522069967899
