{
  "n_tasks": 16,
  "ranking_metrics": {
    "spearman_rho": -0.37058823529411766,
    "pairwise_accuracy": 0.35833333333333334
  },
  "classification_metrics": {
    "accuracy": 0.1875,
    "macro_f1": 0.19444444444444442,
    "per_label": {
      "positive": {
        "precision": 0.125,
        "recall": 0.25,
        "f1": 0.16666666666666666
      },
      "insignificant": {
        "precision": 0.3333333333333333,
        "recall": 0.1111111111111111,
        "f1": 0.16666666666666666
      },
      "negative": {
        "precision": 0.2,
        "recall": 0.3333333333333333,
        "f1": 0.25
      }
    },
    "confusion_matrix": {
      "positive": {
        "positive": 1,
        "insignificant": 2,
        "negative": 1
      },
      "insignificant": {
        "positive": 5,
        "insignificant": 1,
        "negative": 3
      },
      "negative": {
        "positive": 2,
        "insignificant": 0,
        "negative": 1
      }
    }
  }
}
