{
  "metrics": {
    "ranking_spearman_vs_truth": -0.37058823529411766,
    "ranking_pairwise_accuracy_vs_truth": 0.35833333333333334,
    "classification_accuracy": 0.1875,
    "classification_macro_f1": 0.19444444444444442,
    "missing_from_raw_ranking": [
      "ISSP"
    ],
    "raw_ranking_length": 15
  },
  "label_eval": {
    "accuracy": 0.1875,
    "macro_f1": 0.19444444444444442,
    "confusion_matrix": {
      "positive": {
        "positive": 1,
        "insignificant": 2,
        "negative": 1
      },
      "insignificant": {
        "positive": 5,
        "insignificant": 1,
        "negative": 3
      },
      "negative": {
        "positive": 2,
        "insignificant": 0,
        "negative": 1
      }
    },
    "per_label": {
      "positive": {
        "precision": 0.125,
        "recall": 0.25,
        "f1": 0.16666666666666666
      },
      "insignificant": {
        "precision": 0.3333333333333333,
        "recall": 0.1111111111111111,
        "f1": 0.16666666666666666
      },
      "negative": {
        "precision": 0.2,
        "recall": 0.3333333333333333,
        "f1": 0.25
      }
    }
  }
}
