game_id,mean_contribution_rate,mean_payoff,punishment_rate,reward_rate,normalized_efficiency,total_payoff
2602061820-VALIDATION_19_T,0.5982758620689655,25.43448275862069,0.22413793103448276,0.9741379310344828,0.33965517241379317,2950.4
