game_id,player_id,mean_contribution_rate,mean_payoff,punishment_rate,reward_rate
2602061820-VALIDATION_3_T,HORSE,0.9464285714285714,76.85714285714286,0.07142857142857142,0.9285714285714286
2602061820-VALIDATION_3_T,SLOTH,0.9464285714285714,57.07142857142857,0.07142857142857142,0.9285714285714286
2602061820-VALIDATION_3_T,WALRUS,0.9807692307692307,71.38461538461539,0.07142857142857142,0.9285714285714286
2602061820-VALIDATION_3_T,CHICK,0.75,41.15384615384615,0.07142857142857142,0.9285714285714286
2602061820-VALIDATION_3_T,WHALE,0.9107142857142857,73.71428571428571,0.07142857142857142,0.9285714285714286
2602061820-VALIDATION_3_T,MONKEY,0.9423076923076923,71.84615384615384,0.07142857142857142,0.9285714285714286
