game_id,round_index,mean_contribution_rate,mean_payoff,punishment_rate,reward_rate
2602061820-VALIDATION_10_C,1,0.3,25.4,0.0,0.0
2602061820-VALIDATION_10_C,2,0.33333333333333337,26.0,0.0,0.0
2602061820-VALIDATION_10_C,3,0.5,29.0,0.0,0.0
2602061820-VALIDATION_10_C,4,0.6333333333333333,31.4,0.0,0.0
2602061820-VALIDATION_10_C,5,0.8,34.4,0.0,0.0
2602061820-VALIDATION_10_C,6,0.8,34.4,0.0,0.0
