game_id,player_id,mean_contribution_rate,mean_payoff,punishment_rate,reward_rate
2602061820-VALIDATION_10_T,WHALE,0.5666666666666667,26.866666666666664,0.6666666666666666,0.0
2602061820-VALIDATION_10_T,CHICK,0.5,17.0,0.5,0.0
2602061820-VALIDATION_10_T,COW,0.6416666666666666,9.549999999999999,0.3333333333333333,0.0
