game_id,player_id,mean_contribution_rate,mean_payoff,punishment_rate,reward_rate
2602061820-VALIDATION_19_C,OWL,0.5,26.517241379310345,0.0,1.0
2602061820-VALIDATION_19_C,SLOTH,0.5172413793103449,21.82758620689655,0.0,1.0
2602061820-VALIDATION_19_C,DUCK,0.5,23.344827586206897,0.0,1.0
2602061820-VALIDATION_19_C,WALRUS,0.5,25.586206896551722,0.0,1.0
