game_id,player_id,mean_contribution_rate,mean_payoff,punishment_rate,reward_rate
2602061820-VALIDATION_19_T,DUCK,0.5172413793103449,25.103448275862068,0.0,1.0
2602061820-VALIDATION_19_T,ELEPHANT,0.5431034482758621,22.75862068965517,0.0,1.0
2602061820-VALIDATION_19_T,HORSE,0.5827586206896552,21.80689655172414,0.06896551724137931,1.0
2602061820-VALIDATION_19_T,PINGUIN,0.75,32.06896551724138,0.8275862068965517,0.896551724137931
