game_id,player_id,mean_contribution_rate,mean_payoff,punishment_rate,reward_rate
2602061820-VALIDATION_18_T,GORILLA,1.0,49.56521739130435,0.043478260869565216,0.0
2602061820-VALIDATION_18_T,CHICKEN,0.9565217391304348,47.65217391304348,0.0,0.0
2602061820-VALIDATION_18_T,ELEPHANT,1.0,49.95652173913044,0.043478260869565216,0.0
2602061820-VALIDATION_18_T,CROCODILE,1.0,49.95652173913044,0.043478260869565216,0.0
