game_id,player_id,mean_contribution_rate,mean_payoff,punishment_rate,reward_rate
2602061820-VALIDATION_10_C,FROG,0.5583333333333333,30.05,0.0,0.0
2602061820-VALIDATION_10_C,OWL,0.30833333333333335,25.55,0.0,0.0
2602061820-VALIDATION_10_C,ELEPHANT,0.8166666666666667,34.7,0.0,0.0
