game_id,round_index,mean_contribution_rate,mean_payoff,punishment_rate,reward_rate
2602061820-VALIDATION_10_T,1,0.43333333333333335,27.8,0.0,0.0
2602061820-VALIDATION_10_T,2,0.6,30.799999999999997,0.0,0.0
2602061820-VALIDATION_10_T,3,0.65,26.366666666666664,0.3333333333333333,0.0
2602061820-VALIDATION_10_T,4,0.7166666666666667,11.566666666666665,1.0,0.0
2602061820-VALIDATION_10_T,5,0.5833333333333334,-6.833333333333335,1.0,0.0
2602061820-VALIDATION_10_T,6,0.43333333333333335,17.133333333333333,0.6666666666666666,0.0
