source,metric,n_games,mae,rmse,bias,corr
oracle archetype 12B,contribution_rate,24,0.13513825071693125,0.18740220359314835,0.1224912485962449,0.7342023227976429
oracle archetype 12B,punishment_rate,24,0.07461184423161978,0.12597323864429327,0.021821546938613507,0.8287404105328829
oracle archetype 12B,reward_rate,24,0.19252718334206761,0.31771149886482253,0.19115355696844125,0.6085046439907745
oracle archetype 12B,normalized_efficiency,24,0.18545996373985899,0.26779590330729086,0.16738832553675845,0.5478965128369558
oracle archetype 22B mag1,contribution_rate,24,0.11271101323609527,0.15300843213248091,0.03791592174842488,0.7864248805466112
oracle archetype 22B mag1,punishment_rate,24,0.15236004753903362,0.23343342308538081,0.0952135874030224,0.819947068813182
oracle archetype 22B mag1,reward_rate,24,0.13125661594130034,0.2086805510666995,0.13125661594130034,0.8920089867798006
oracle archetype 22B mag1,normalized_efficiency,24,0.2617102974459156,0.43969384063502953,-0.17225698732859437,0.522509212209984
