game_id,player_id,mean_contribution_rate,mean_payoff,punishment_rate,reward_rate
2602011039-VALIDATION_12_T,SNAKE,1.0,73.83333333333333,0.08333333333333333,0.0
2602011039-VALIDATION_12_T,DOG,1.0,73.66666666666667,0.08333333333333333,0.0
2602011039-VALIDATION_12_T,OWL,1.0,74.0,0.0,0.0
2602011039-VALIDATION_12_T,GORILLA,1.0,73.66666666666667,0.08333333333333333,0.0
2602011039-VALIDATION_12_T,WALRUS,1.0,73.83333333333333,0.08333333333333333,0.0
2602011039-VALIDATION_12_T,RABBIT,0.9166666666666666,67.0,0.0,0.0
