game_id,mean_contribution_rate,mean_payoff,punishment_rate,reward_rate,normalized_efficiency,total_payoff
2602011039-VALIDATION_14_T,0.8153508771929825,24.05438596491228,0.6403508771929824,0.6403508771929824,0.25339912280701743,2742.2
