game_id,round_index,mean_contribution_rate,mean_payoff,punishment_rate,reward_rate
2602011039-VALIDATION_8_C,1,0.675,33.2,0.0,0.8333333333333334
2602011039-VALIDATION_8_C,2,0.8333333333333334,32.0,0.0,0.8333333333333334
