game_id,mean_contribution_rate,mean_payoff,punishment_rate,reward_rate,normalized_efficiency,total_payoff
2602021031-VALIDATION_9_T,0.6240740740740741,25.174074074074074,0.7925925925925926,0.5555555555555556,0.0958161865569273,3398.5
