game_id,mean_contribution_rate,mean_payoff,punishment_rate,reward_rate,normalized_efficiency,total_payoff
2601312156-VALIDATION_3_T,0.21474358974358973,12.326923076923077,0.36538461538461536,0.19230769230769232,-0.13701923076923078,1923.0
