game_id,player_id,mean_contribution_rate,mean_payoff,punishment_rate,reward_rate
2602011039-VALIDATION_14_C,PARROT,1.0,41.68421052631579,0.0,1.0
2602011039-VALIDATION_14_C,HORSE,1.0,36.526315789473685,0.0,1.0
2602011039-VALIDATION_14_C,FROG,1.0,29.473684210526315,0.0,1.0
2602011039-VALIDATION_14_C,OWL,1.0,29.57894736842105,0.0,1.0
2602011039-VALIDATION_14_C,SLOTH,1.0,51.1578947368421,0.0,1.0
2602011039-VALIDATION_14_C,ELEPHANT,1.0,27.57894736842105,0.0,1.0
