game_id,player_id,mean_contribution_rate,mean_payoff,punishment_rate,reward_rate
2601312156-VALIDATION_3_T,DOG,1.0,58.15384615384615,0.0,0.0
2601312156-VALIDATION_3_T,FROG,0.057692307692307696,14.461538461538462,1.0,0.0
2601312156-VALIDATION_3_T,SNAKE,0.0,-33.07692307692308,0.0,1.0
2601312156-VALIDATION_3_T,DUCK,0.07692307692307693,7.961538461538462,0.9615384615384616,0.0
2601312156-VALIDATION_3_T,PARROT,0.15384615384615385,23.53846153846154,0.15384615384615385,0.15384615384615385
2601312156-VALIDATION_3_T,SLOTH,0.0,2.923076923076923,0.07692307692307693,0.0
