game_id,mean_contribution_rate,mean_payoff,punishment_rate,reward_rate,normalized_efficiency,total_payoff
2602012305-VALIDATION_9_C,0.8141666666666667,77.09833333333333,0.0,1.0,0.2641838134430727,4625.9
2602021031-VALIDATION_9_C,0.6111111111111112,63.80740740740741,0.0,0.9333333333333333,0.8112482853223594,8614.0
