game_id,mean_contribution_rate,mean_payoff,punishment_rate,reward_rate,normalized_efficiency,total_payoff
2602021031-VALIDATION_13_C,0.6580645161290323,50.25806451612903,0.0,0.84375,-0.20388655462184874,1558.0
2602021712-VALIDATION_13_C,0.75,32.22794117647059,0.0,0.9080882352941176,0.17468487394957982,8766.0
