game_id,mean_contribution_rate,mean_payoff,punishment_rate,reward_rate,normalized_efficiency,total_payoff
2602021712-VALIDATION_17_T,0.8829787234042553,140.63829787234042,0.8736842105263158,0.0,0.5674185463659148,26440.0
