game_id,player_id,mean_contribution_rate,mean_payoff,punishment_rate,reward_rate
2601312156-VALIDATION_3_C,FROG,0.8269230769230769,99.57692307692308,0.0,1.0
2601312156-VALIDATION_3_C,SNAKE,1.0,-130.73076923076923,0.0,1.0
2601312156-VALIDATION_3_C,SLOTH,0.9711538461538461,83.5,0.0,1.0
2601312156-VALIDATION_3_C,PINGUIN,0.9285714285714286,144.64285714285714,0.0,1.0
2601312156-VALIDATION_3_C,ELEPHANT,1.0,87.92307692307692,0.0,1.0
2601312156-VALIDATION_3_C,CHICK,0.8235294117647058,35.1764705882353,0.0,1.0
