game_id,mean_contribution_rate,mean_payoff,punishment_rate,reward_rate,normalized_efficiency,total_payoff
2602021031-VALIDATION_13_T,0.796780303030303,13.369318181818182,0.8676470588235294,0.5257352941176471,-0.10034138655462185,3529.5
