game_id,round_index,mean_contribution_rate,mean_payoff,punishment_rate,reward_rate
2602021031-VALIDATION_9_T,1,0.6833333333333333,32.766666666666666,0.6666666666666666,0.4
2602021031-VALIDATION_9_T,2,0.6166666666666667,25.633333333333333,0.8,0.4666666666666667
2602021031-VALIDATION_9_T,3,0.6166666666666667,29.433333333333334,0.7333333333333333,0.5333333333333333
2602021031-VALIDATION_9_T,4,0.6166666666666667,24.7,0.8,0.6
2602021031-VALIDATION_9_T,5,0.6166666666666667,24.7,0.8,0.6
2602021031-VALIDATION_9_T,6,0.6166666666666667,24.7,0.8,0.6
2602021031-VALIDATION_9_T,7,0.6166666666666667,24.7,0.8,0.6
2602021031-VALIDATION_9_T,8,0.6166666666666667,19.966666666666665,0.8666666666666667,0.6
2602021031-VALIDATION_9_T,9,0.6166666666666667,19.966666666666665,0.8666666666666667,0.6
