game_id,round_index,mean_contribution_rate,mean_payoff,punishment_rate,reward_rate
2601312156-VALIDATION_4_T,1,0.7142857142857143,41.42857142857143,0.2857142857142857,0.2857142857142857
2601312156-VALIDATION_4_T,2,0.7142857142857143,39.285714285714285,0.5714285714285714,0.42857142857142855
2601312156-VALIDATION_4_T,3,0.7142857142857143,32.142857142857146,0.8571428571428571,0.5714285714285714
2601312156-VALIDATION_4_T,4,0.7142857142857143,32.142857142857146,0.8571428571428571,0.5714285714285714
2601312156-VALIDATION_4_T,5,0.7142857142857143,32.142857142857146,0.8571428571428571,0.5714285714285714
2601312156-VALIDATION_4_T,6,0.7142857142857143,32.142857142857146,0.8571428571428571,0.5714285714285714
2601312156-VALIDATION_4_T,7,0.7142857142857143,33.57142857142857,0.8571428571428571,0.5714285714285714
2601312156-VALIDATION_4_T,8,0.7142857142857143,33.57142857142857,0.8571428571428571,0.5714285714285714
