game_id,mean_contribution_rate,mean_payoff,punishment_rate,reward_rate,normalized_efficiency,total_payoff
2601312156-VALIDATION_6_T,0.8879120879120879,96.57802197802198,0.8571428571428571,0.0,0.4542659804983749,17577.2
2602011039-VALIDATION_6_T,0.41586538461538464,-43.35096153846154,0.9855769230769231,0.0,-0.44613353196099675,-9017.0
