game_id,player_id,mean_contribution_rate,mean_payoff,punishment_rate,reward_rate
2602011039-VALIDATION_14_T,PARROT,0.8473684210526315,13.084210526315792,0.0,0.9473684210526315
2602011039-VALIDATION_14_T,DOG,1.0,28.31578947368421,0.8947368421052632,0.9473684210526315
2602011039-VALIDATION_14_T,WALRUS,0.9947368421052631,29.810526315789474,1.0,1.0
2602011039-VALIDATION_14_T,RABBIT,1.0,35.89473684210526,0.9473684210526315,0.9473684210526315
2602011039-VALIDATION_14_T,SLOTH,0.05,-3.51578947368421,0.0,0.0
2602011039-VALIDATION_14_T,HORSE,1.0,40.73684210526316,1.0,0.0
