game_id,mean_contribution_rate,mean_payoff,punishment_rate,reward_rate,normalized_efficiency,total_payoff
2602011648-VALIDATION_11_T,0.8888888888888888,45.90277777777778,0.8333333333333334,0.5486111111111112,0.03120782726045884,6610.0
2602012305-VALIDATION_11_T,0.7483660130718954,33.50653594771242,0.8878205128205128,0.6602564102564102,0.3384784075573549,10253.0
