game_id,mean_contribution_rate,mean_payoff,punishment_rate,reward_rate,normalized_efficiency,total_payoff
2601311619-VALIDATION_18_T,0.5543478260869565,16.315217391304348,0.9347826086956522,0.0,-0.12282608695652174,1501.0
