game_id,round_index,mean_contribution_rate,mean_payoff,punishment_rate,reward_rate
2602011039-VALIDATION_8_T,1,0.8083333333333333,35.06666666666667,0.0,0.6666666666666666
2602011039-VALIDATION_8_T,2,0.8,34.86666666666667,0.0,0.6666666666666666
