game_id,round_index,mean_contribution_rate,mean_payoff,punishment_rate,reward_rate
2601311619-VALIDATION_10_C,1,0.7666666666666667,33.8,0.0,0.0
2601311619-VALIDATION_10_C,2,0.8,34.4,0.0,0.0
2601311619-VALIDATION_10_C,3,0.8333333333333334,35.0,0.0,0.0
2601311619-VALIDATION_10_C,4,0.8333333333333334,35.0,0.0,0.0
2601311619-VALIDATION_10_C,5,1.0,38.0,0.0,0.0
2601311619-VALIDATION_10_C,6,1.0,38.0,0.0,0.0
