method,seed_state,run,n_pairs,mse,rmse,r2_custom,train_n_rows,train_rank,train_cond
adaptive_bo_gp_ei,46,0,10,0.009069281722186314,0.09523277651200933,-0.7836251621953298,10,10,inf
adaptive_bo_gp_ei,46,0,20,0.0039502272426005175,0.06285083326894336,0.2231220815364351,20,14,inf
adaptive_bo_gp_ei,46,0,30,0.004048681384552057,0.06362924944199842,0.20375943625907744,30,14,inf
adaptive_bo_gp_ei,46,0,40,0.004400313850546432,0.06633486150242897,0.1346050607082463,40,14,inf
adaptive_bo_gp_ei,46,0,50,0.0029824015555016833,0.05461136837236074,0.41346110738294106,50,14,inf
adaptive_bo_gp_ei,46,0,60,0.0030629513941633447,0.055343937284614515,0.3976196412725379,60,14,inf
