{
  "n_matches": 48,
  "n_unique_most_aligned_players": 16,
  "top_player": "camel-pink-767",
  "top_player_share": 0.14583333333333334,
  "entropy": 2.505912800816509,
  "effective_n": 12.254739998673614
}