source,metric,n_games,mae,rmse,bias,corr
no archetype,contribution_shift,31,0.14566521698684262,0.1919643249464649,0.0011196953042241632,0.014263663640279502
oracle archetype,contribution_shift,31,0.14565801371881587,0.2077214752508159,-0.040051418999317995,-0.2206662789174683
retrieved archetype,contribution_shift,31,0.14931581478164674,0.21801095716468766,-0.07803656983304691,0.2005745048821683
random archetype,contribution_shift,31,0.15565629722569457,0.1983008355903089,-0.056123084023126456,-0.02086137595523364
