source,event_type,rmse_curve,bias_curve,corr_curve
no archetype,received_punishment,0.05702827079404092,-0.030268111797351095,1.0
oracle archetype,received_punishment,0.08111718652897605,-0.0505945592439674,-1.0
retrieved archetype,received_punishment,0.07359412218013392,-0.0450341681253355,0.9999999999999999
random archetype,received_punishment,0.0679517867481259,-0.04571928738085435,1.0
no archetype,received_reward,0.03534399903088719,0.018147983800070745,1.0
oracle archetype,received_reward,0.024980499220275173,0.010663470638857496,1.0
retrieved archetype,received_reward,0.03124362878925621,0.010926314981611998,1.0
random archetype,received_reward,0.02781930614280684,0.008834460178081299,0.9999999999999999
