source,metric,metric_title,n_games,corr,ci_low,ci_high
no archetype,contribution_rate,Contribution Rate,31,0.03650682253531202,-0.27370930768746365,0.367332873668412
oracle archetype,contribution_rate,Contribution Rate,31,0.6969716719403958,0.3818777018617738,0.8537372329276834
retrieved archetype,contribution_rate,Contribution Rate,31,0.5217304094003886,0.23635070801023841,0.7589370826797248
random archetype,contribution_rate,Contribution Rate,31,0.29874304352174985,-0.4001287422558894,0.7020214047456541
no archetype,normalized_efficiency,Normalized Efficiency,31,0.16767035974101285,-0.24687796724392821,0.5075005640289453
oracle archetype,normalized_efficiency,Normalized Efficiency,31,0.5030606200545602,0.1412031039117752,0.7786902980151117
retrieved archetype,normalized_efficiency,Normalized Efficiency,31,0.4338759628315642,-0.003711692613570497,0.7260571697748494
random archetype,normalized_efficiency,Normalized Efficiency,31,0.40151673167625607,-0.08717696099816613,0.6960971773283391
