{
  "created_at": "2026-05-13T16:16:54.041644+00:00",
  "source": "proj-persona/PersonaHub ElitePersonas preview frame",
  "persona_source": "elite-preview",
  "num_candidates_seen": 19000,
  "num_sampled": 32,
  "seed": 2,
  "max_lines_per_file": 1000,
  "min_persona_chars": 0,
  "max_persona_chars": 0,
  "length_filter": "none",
  "candidate_persona_chars": {
    "n": 19000,
    "min": 30,
    "mean": 597.6486842105263,
    "sd": 171.38689165116347,
    "p01": 221.0,
    "p05": 354.0,
    "p10": 408.0,
    "p25": 489.0,
    "p50": 583.0,
    "p75": 689.0,
    "p90": 804.0,
    "p95": 889.0,
    "p99": 1099.0299999999952,
    "max": 2346
  },
  "sampled_persona_chars": {
    "n": 32,
    "min": 332,
    "mean": 589.03125,
    "sd": 155.40440879665383,
    "p01": 337.27,
    "p05": 362.75,
    "p10": 383.2,
    "p25": 515.25,
    "p50": 583.5,
    "p75": 653.75,
    "p90": 713.8000000000001,
    "p95": 847.55,
    "p99": 1052.5800000000004,
    "max": 1140
  }
}