{
  "created_at": "2026-05-13T16:16:33.514092+00:00",
  "source": "proj-persona/PersonaHub persona.jsonl official 200k-row subset",
  "persona_source": "persona-jsonl",
  "num_candidates_seen": 200000,
  "num_sampled": 32,
  "seed": 2,
  "max_lines_per_file": null,
  "min_persona_chars": 0,
  "max_persona_chars": 0,
  "length_filter": "none",
  "candidate_persona_chars": {
    "n": 200000,
    "min": 10,
    "mean": 91.70908,
    "sd": 26.902174736507828,
    "p01": 28.0,
    "p05": 46.0,
    "p10": 58.0,
    "p25": 77.0,
    "p50": 92.0,
    "p75": 107.0,
    "p90": 122.0,
    "p95": 133.0,
    "p99": 161.0,
    "max": 750
  },
  "sampled_persona_chars": {
    "n": 32,
    "min": 31,
    "mean": 90.75,
    "sd": 24.392621835300936,
    "p01": 34.41,
    "p05": 47.5,
    "p10": 68.1,
    "p25": 82.75,
    "p50": 90.0,
    "p75": 104.25,
    "p90": 112.60000000000001,
    "p95": 116.9,
    "p99": 155.95000000000007,
    "max": 173
  }
}